SET session_replication_role = replica;

--
-- PostgreSQL database dump
--

-- Dumped from database version 15.8
-- Dumped by pg_dump version 15.8

SET statement_timeout = 0;
SET lock_timeout = 0;
SET idle_in_transaction_session_timeout = 0;
SET client_encoding = 'UTF8';
SET standard_conforming_strings = on;
SELECT pg_catalog.set_config('search_path', '', false);
SET check_function_bodies = false;
SET xmloption = content;
SET client_min_messages = warning;
SET row_security = off;

--
-- Data for Name: audit_log_entries; Type: TABLE DATA; Schema: auth; Owner: supabase_auth_admin
--

INSERT INTO "auth"."audit_log_entries" ("instance_id", "id", "payload", "created_at", "ip_address") VALUES
	('00000000-0000-0000-0000-000000000000', 'd75f823a-9bdb-4f75-bdd7-4418d814570a', '{"action":"user_confirmation_requested","actor_id":"9e461822-5595-4a4e-bc19-13d23e8a1221","actor_username":"eventrix@operadora.legal","actor_via_sso":false,"log_type":"user","traits":{"provider":"email"}}', '2025-06-11 18:51:56.917621+00', ''),
	('00000000-0000-0000-0000-000000000000', '9a89f2ba-067a-42b2-b6cf-0f94569e92dd', '{"action":"user_confirmation_requested","actor_id":"849ee568-b65b-4554-b775-acd83daeffee","actor_username":"mota.macedo05@gmail.com","actor_via_sso":false,"log_type":"user","traits":{"provider":"email"}}', '2025-06-11 18:55:13.287993+00', ''),
	('00000000-0000-0000-0000-000000000000', 'da3788d2-a72d-4367-9d70-309b24ef3ab5', '{"action":"user_signedup","actor_id":"849ee568-b65b-4554-b775-acd83daeffee","actor_username":"mota.macedo05@gmail.com","actor_via_sso":false,"log_type":"team"}', '2025-06-11 18:56:22.787378+00', ''),
	('00000000-0000-0000-0000-000000000000', '7028f25c-8064-4cd5-b5d3-ad0e96ff9607', '{"action":"login","actor_id":"849ee568-b65b-4554-b775-acd83daeffee","actor_username":"mota.macedo05@gmail.com","actor_via_sso":false,"log_type":"account","traits":{"provider":"email"}}', '2025-06-11 18:57:22.977288+00', ''),
	('00000000-0000-0000-0000-000000000000', 'e87d8830-1d53-4597-86e0-a0ed54ff2f01', '{"action":"user_deleted","actor_id":"00000000-0000-0000-0000-000000000000","actor_username":"service_role","actor_via_sso":false,"log_type":"team","traits":{"user_email":"mota.macedo05@gmail.com","user_id":"849ee568-b65b-4554-b775-acd83daeffee","user_phone":""}}', '2025-06-11 19:18:12.351686+00', ''),
	('00000000-0000-0000-0000-000000000000', 'b2832b8d-1289-45d2-a022-93603b40bfa7', '{"action":"user_signedup","actor_id":"00000000-0000-0000-0000-000000000000","actor_username":"service_role","actor_via_sso":false,"log_type":"team","traits":{"user_email":"mota.macedo05@gmail.com","user_id":"f363fe53-9868-4d9a-8ea7-c60628aec1af","user_phone":""}}', '2025-06-16 18:20:36.954539+00', ''),
	('00000000-0000-0000-0000-000000000000', '59645a07-f1ca-4961-9298-344286b631d0', '{"action":"user_deleted","actor_id":"00000000-0000-0000-0000-000000000000","actor_username":"service_role","actor_via_sso":false,"log_type":"team","traits":{"user_email":"mota.macedo05@gmail.com","user_id":"f363fe53-9868-4d9a-8ea7-c60628aec1af","user_phone":""}}', '2025-06-16 18:20:48.335802+00', ''),
	('00000000-0000-0000-0000-000000000000', '213c564b-8865-457c-a0fe-b20f7138b274', '{"action":"user_confirmation_requested","actor_id":"d24d44ed-05d8-434e-994f-02ffcf06ef77","actor_username":"mota.macedo05@gmail.com","actor_via_sso":false,"log_type":"user","traits":{"provider":"email"}}', '2025-06-16 18:21:38.64279+00', ''),
	('00000000-0000-0000-0000-000000000000', 'e81b4d74-e7ef-44e0-b327-4a2563bf073f', '{"action":"user_signedup","actor_id":"d24d44ed-05d8-434e-994f-02ffcf06ef77","actor_username":"mota.macedo05@gmail.com","actor_via_sso":false,"log_type":"team"}', '2025-06-16 18:22:06.082174+00', ''),
	('00000000-0000-0000-0000-000000000000', 'b563c1ba-eed4-4c9b-8186-44fa4a9e0928', '{"action":"user_deleted","actor_id":"00000000-0000-0000-0000-000000000000","actor_username":"service_role","actor_via_sso":false,"log_type":"team","traits":{"user_email":"mota.macedo05@gmail.com","user_id":"d24d44ed-05d8-434e-994f-02ffcf06ef77","user_phone":""}}', '2025-06-16 18:28:41.86038+00', ''),
	('00000000-0000-0000-0000-000000000000', 'e931870d-5d01-4a3a-be08-25037487c63c', '{"action":"user_deleted","actor_id":"00000000-0000-0000-0000-000000000000","actor_username":"service_role","actor_via_sso":false,"log_type":"team","traits":{"user_email":"eventrix@operadora.legal","user_id":"9e461822-5595-4a4e-bc19-13d23e8a1221","user_phone":""}}', '2025-06-16 20:37:56.248145+00', ''),
	('00000000-0000-0000-0000-000000000000', 'ebaa1fc3-b82d-475e-8f96-a7b17255db74', '{"action":"user_signedup","actor_id":"00000000-0000-0000-0000-000000000000","actor_username":"service_role","actor_via_sso":false,"log_type":"team","traits":{"user_email":"admin@operadora.legal","user_id":"b339bf4e-9f8c-49b0-bc68-4a18dcde5aca","user_phone":""}}', '2025-06-16 20:38:09.007795+00', ''),
	('00000000-0000-0000-0000-000000000000', 'ad352d8f-7141-4f38-97a4-b2c9db2fa99b', '{"action":"login","actor_id":"b339bf4e-9f8c-49b0-bc68-4a18dcde5aca","actor_username":"admin@operadora.legal","actor_via_sso":false,"log_type":"account","traits":{"provider":"email"}}', '2025-06-16 20:38:16.003155+00', ''),
	('00000000-0000-0000-0000-000000000000', 'f19fd6c0-eab5-43b2-80da-c539ae9ca7ff', '{"action":"token_refreshed","actor_id":"b339bf4e-9f8c-49b0-bc68-4a18dcde5aca","actor_username":"admin@operadora.legal","actor_via_sso":false,"log_type":"token"}', '2025-06-17 11:54:27.525879+00', ''),
	('00000000-0000-0000-0000-000000000000', 'd25b044e-dd29-4067-bdc1-6294648d1190', '{"action":"token_revoked","actor_id":"b339bf4e-9f8c-49b0-bc68-4a18dcde5aca","actor_username":"admin@operadora.legal","actor_via_sso":false,"log_type":"token"}', '2025-06-17 11:54:27.526725+00', ''),
	('00000000-0000-0000-0000-000000000000', '74107374-a0bb-4abc-ad7a-327e3dd6dbb7', '{"action":"token_refreshed","actor_id":"b339bf4e-9f8c-49b0-bc68-4a18dcde5aca","actor_username":"admin@operadora.legal","actor_via_sso":false,"log_type":"token"}', '2025-06-17 14:39:50.980727+00', ''),
	('00000000-0000-0000-0000-000000000000', '727b2ed8-c1c3-4953-bb33-6f1704f192d2', '{"action":"token_revoked","actor_id":"b339bf4e-9f8c-49b0-bc68-4a18dcde5aca","actor_username":"admin@operadora.legal","actor_via_sso":false,"log_type":"token"}', '2025-06-17 14:39:50.9817+00', ''),
	('00000000-0000-0000-0000-000000000000', '56e865a4-80c4-44d4-96db-2a581f6037a2', '{"action":"token_refreshed","actor_id":"b339bf4e-9f8c-49b0-bc68-4a18dcde5aca","actor_username":"admin@operadora.legal","actor_via_sso":false,"log_type":"token"}', '2025-06-17 17:36:28.98553+00', ''),
	('00000000-0000-0000-0000-000000000000', '6a548482-0032-40e6-ae13-212763cfebd8', '{"action":"token_revoked","actor_id":"b339bf4e-9f8c-49b0-bc68-4a18dcde5aca","actor_username":"admin@operadora.legal","actor_via_sso":false,"log_type":"token"}', '2025-06-17 17:36:28.986798+00', ''),
	('00000000-0000-0000-0000-000000000000', '6fb7763c-d373-4283-8922-c1f68410136d', '{"action":"user_confirmation_requested","actor_id":"271a6cd1-a30e-445f-8f7e-9ded7f0be247","actor_username":"mota.macedo05@gmail.com","actor_via_sso":false,"log_type":"user","traits":{"provider":"email"}}', '2025-06-17 17:50:53.949252+00', ''),
	('00000000-0000-0000-0000-000000000000', '3bf76ec8-fb50-4199-abe8-b63342f5aacb', '{"action":"user_confirmation_requested","actor_id":"271a6cd1-a30e-445f-8f7e-9ded7f0be247","actor_username":"mota.macedo05@gmail.com","actor_via_sso":false,"log_type":"user","traits":{"provider":"email"}}', '2025-06-17 18:26:06.281351+00', ''),
	('00000000-0000-0000-0000-000000000000', '7baab8d0-04e3-40e3-a708-b8882238e0f7', '{"action":"user_deleted","actor_id":"00000000-0000-0000-0000-000000000000","actor_username":"service_role","actor_via_sso":false,"log_type":"team","traits":{"user_email":"mota.macedo05@gmail.com","user_id":"271a6cd1-a30e-445f-8f7e-9ded7f0be247","user_phone":""}}', '2025-06-17 18:35:30.62107+00', ''),
	('00000000-0000-0000-0000-000000000000', '95c91a74-dec5-4b55-bf33-8d5d52b13ee2', '{"action":"user_confirmation_requested","actor_id":"0ce5d7a0-6d92-4502-93cb-946caf74ea53","actor_username":"mota.macedo05@gmail.com","actor_via_sso":false,"log_type":"user","traits":{"provider":"email"}}', '2025-06-17 18:36:16.386667+00', ''),
	('00000000-0000-0000-0000-000000000000', '6c29e813-b358-4790-a650-87352013c504', '{"action":"user_signedup","actor_id":"0ce5d7a0-6d92-4502-93cb-946caf74ea53","actor_username":"mota.macedo05@gmail.com","actor_via_sso":false,"log_type":"team"}', '2025-06-17 18:37:49.417764+00', ''),
	('00000000-0000-0000-0000-000000000000', 'd1543f5f-fb58-4bda-a81f-e67074fe2c8b', '{"action":"login","actor_id":"0ce5d7a0-6d92-4502-93cb-946caf74ea53","actor_username":"mota.macedo05@gmail.com","actor_via_sso":false,"log_type":"account","traits":{"provider":"email"}}', '2025-06-17 18:37:55.673009+00', ''),
	('00000000-0000-0000-0000-000000000000', 'a436abf6-ffd3-42f4-a546-15aca7fcbefe', '{"action":"login","actor_id":"0ce5d7a0-6d92-4502-93cb-946caf74ea53","actor_username":"mota.macedo05@gmail.com","actor_via_sso":false,"log_type":"account","traits":{"provider":"email"}}', '2025-06-17 18:39:01.427788+00', ''),
	('00000000-0000-0000-0000-000000000000', 'db8f860e-e63f-4756-ada6-2cbecec29f85', '{"action":"login","actor_id":"0ce5d7a0-6d92-4502-93cb-946caf74ea53","actor_username":"mota.macedo05@gmail.com","actor_via_sso":false,"log_type":"account","traits":{"provider":"email"}}', '2025-06-17 18:43:38.668506+00', ''),
	('00000000-0000-0000-0000-000000000000', '9de65677-4e87-40e0-8ff1-6d6c3e9d4faa', '{"action":"login","actor_id":"0ce5d7a0-6d92-4502-93cb-946caf74ea53","actor_username":"mota.macedo05@gmail.com","actor_via_sso":false,"log_type":"account","traits":{"provider":"email"}}', '2025-06-17 18:43:56.791911+00', ''),
	('00000000-0000-0000-0000-000000000000', '793b9538-87c5-4d4a-8210-1445ab5ee35b', '{"action":"token_refreshed","actor_id":"0ce5d7a0-6d92-4502-93cb-946caf74ea53","actor_username":"mota.macedo05@gmail.com","actor_via_sso":false,"log_type":"token"}', '2025-06-17 19:42:54.884935+00', ''),
	('00000000-0000-0000-0000-000000000000', '70b43ca5-1517-4beb-8fa1-ebd7ec975f65', '{"action":"token_revoked","actor_id":"0ce5d7a0-6d92-4502-93cb-946caf74ea53","actor_username":"mota.macedo05@gmail.com","actor_via_sso":false,"log_type":"token"}', '2025-06-17 19:42:54.885977+00', ''),
	('00000000-0000-0000-0000-000000000000', '8edf7f92-b799-4ccb-af0a-0187688e1012', '{"action":"token_refreshed","actor_id":"0ce5d7a0-6d92-4502-93cb-946caf74ea53","actor_username":"mota.macedo05@gmail.com","actor_via_sso":false,"log_type":"token"}', '2025-06-17 19:45:56.340064+00', ''),
	('00000000-0000-0000-0000-000000000000', 'e8698647-eef9-4fec-baf1-e2eaefbeb292', '{"action":"token_revoked","actor_id":"0ce5d7a0-6d92-4502-93cb-946caf74ea53","actor_username":"mota.macedo05@gmail.com","actor_via_sso":false,"log_type":"token"}', '2025-06-17 19:45:56.340924+00', ''),
	('00000000-0000-0000-0000-000000000000', '63c5f6fb-1c8f-4d17-8d58-bd83c031066b', '{"action":"login","actor_id":"0ce5d7a0-6d92-4502-93cb-946caf74ea53","actor_username":"mota.macedo05@gmail.com","actor_via_sso":false,"log_type":"account","traits":{"provider":"email"}}', '2025-06-17 20:01:26.443573+00', ''),
	('00000000-0000-0000-0000-000000000000', '1145e54c-359f-4fbd-9a36-7b7ea1782613', '{"action":"login","actor_id":"0ce5d7a0-6d92-4502-93cb-946caf74ea53","actor_username":"mota.macedo05@gmail.com","actor_via_sso":false,"log_type":"account","traits":{"provider":"email"}}', '2025-06-17 20:02:17.670274+00', ''),
	('00000000-0000-0000-0000-000000000000', 'a1a2e59a-1c0a-451a-9234-00b691d5995e', '{"action":"login","actor_id":"0ce5d7a0-6d92-4502-93cb-946caf74ea53","actor_username":"mota.macedo05@gmail.com","actor_via_sso":false,"log_type":"account","traits":{"provider":"email"}}', '2025-06-17 20:03:01.932638+00', ''),
	('00000000-0000-0000-0000-000000000000', 'f44777df-3a9c-455d-8112-6bcfcfaad08b', '{"action":"login","actor_id":"0ce5d7a0-6d92-4502-93cb-946caf74ea53","actor_username":"mota.macedo05@gmail.com","actor_via_sso":false,"log_type":"account","traits":{"provider":"email"}}', '2025-06-17 20:03:59.393031+00', ''),
	('00000000-0000-0000-0000-000000000000', '7664bac8-1cfb-462e-a87a-7a3a1e1558ff', '{"action":"login","actor_id":"0ce5d7a0-6d92-4502-93cb-946caf74ea53","actor_username":"mota.macedo05@gmail.com","actor_via_sso":false,"log_type":"account","traits":{"provider":"email"}}', '2025-06-17 20:16:33.658063+00', ''),
	('00000000-0000-0000-0000-000000000000', '979b3906-d1a4-48eb-bc4b-4bb8e4d74b26', '{"action":"login","actor_id":"0ce5d7a0-6d92-4502-93cb-946caf74ea53","actor_username":"mota.macedo05@gmail.com","actor_via_sso":false,"log_type":"account","traits":{"provider":"email"}}', '2025-06-17 20:17:22.825985+00', ''),
	('00000000-0000-0000-0000-000000000000', '942f537a-0b31-4044-b40a-23042faf521d', '{"action":"login","actor_id":"0ce5d7a0-6d92-4502-93cb-946caf74ea53","actor_username":"mota.macedo05@gmail.com","actor_via_sso":false,"log_type":"account","traits":{"provider":"email"}}', '2025-06-17 20:18:12.633511+00', ''),
	('00000000-0000-0000-0000-000000000000', '2d64f07b-9e4e-4ef8-bc20-9c96c901f63f', '{"action":"login","actor_id":"0ce5d7a0-6d92-4502-93cb-946caf74ea53","actor_username":"mota.macedo05@gmail.com","actor_via_sso":false,"log_type":"account","traits":{"provider":"email"}}', '2025-06-17 20:18:16.925097+00', ''),
	('00000000-0000-0000-0000-000000000000', '4d59bc01-3e7f-499e-a894-420c1247cee7', '{"action":"login","actor_id":"0ce5d7a0-6d92-4502-93cb-946caf74ea53","actor_username":"mota.macedo05@gmail.com","actor_via_sso":false,"log_type":"account","traits":{"provider":"email"}}', '2025-06-17 20:20:41.41881+00', ''),
	('00000000-0000-0000-0000-000000000000', '8d32ac6c-7e62-4a7c-b2fd-d394330e6070', '{"action":"login","actor_id":"0ce5d7a0-6d92-4502-93cb-946caf74ea53","actor_username":"mota.macedo05@gmail.com","actor_via_sso":false,"log_type":"account","traits":{"provider":"email"}}', '2025-06-17 20:28:05.357087+00', ''),
	('00000000-0000-0000-0000-000000000000', '1ad43537-fc1a-42ef-ab61-a18c1adc99c5', '{"action":"login","actor_id":"0ce5d7a0-6d92-4502-93cb-946caf74ea53","actor_username":"mota.macedo05@gmail.com","actor_via_sso":false,"log_type":"account","traits":{"provider":"email"}}', '2025-06-17 20:28:29.621183+00', ''),
	('00000000-0000-0000-0000-000000000000', 'b17667bb-0677-4f5d-9e36-2c52237f5cd9', '{"action":"login","actor_id":"0ce5d7a0-6d92-4502-93cb-946caf74ea53","actor_username":"mota.macedo05@gmail.com","actor_via_sso":false,"log_type":"account","traits":{"provider":"email"}}', '2025-06-17 20:28:53.225007+00', ''),
	('00000000-0000-0000-0000-000000000000', '3653c6dd-4f8f-48db-9451-f5e6fe9d4c84', '{"action":"token_refreshed","actor_id":"0ce5d7a0-6d92-4502-93cb-946caf74ea53","actor_username":"mota.macedo05@gmail.com","actor_via_sso":false,"log_type":"token"}', '2025-06-17 21:00:22.878425+00', ''),
	('00000000-0000-0000-0000-000000000000', 'd6c4f989-661a-4f9b-9c6a-cf34140fac32', '{"action":"token_revoked","actor_id":"0ce5d7a0-6d92-4502-93cb-946caf74ea53","actor_username":"mota.macedo05@gmail.com","actor_via_sso":false,"log_type":"token"}', '2025-06-17 21:00:22.879399+00', ''),
	('00000000-0000-0000-0000-000000000000', '6975238a-b284-4afa-8bed-89ab3c0282f7', '{"action":"token_refreshed","actor_id":"0ce5d7a0-6d92-4502-93cb-946caf74ea53","actor_username":"mota.macedo05@gmail.com","actor_via_sso":false,"log_type":"token"}', '2025-06-17 21:02:32.381961+00', ''),
	('00000000-0000-0000-0000-000000000000', 'acacaeea-f13d-4d4c-afca-028c27cc26a4', '{"action":"token_revoked","actor_id":"0ce5d7a0-6d92-4502-93cb-946caf74ea53","actor_username":"mota.macedo05@gmail.com","actor_via_sso":false,"log_type":"token"}', '2025-06-17 21:02:32.382892+00', ''),
	('00000000-0000-0000-0000-000000000000', '1eea4e67-1df5-4ea5-8901-d56a35d53dd0', '{"action":"login","actor_id":"0ce5d7a0-6d92-4502-93cb-946caf74ea53","actor_username":"mota.macedo05@gmail.com","actor_via_sso":false,"log_type":"account","traits":{"provider":"email"}}', '2025-06-17 21:02:43.366664+00', ''),
	('00000000-0000-0000-0000-000000000000', '8b561fe6-568c-4cc5-9221-520e3558e905', '{"action":"login","actor_id":"0ce5d7a0-6d92-4502-93cb-946caf74ea53","actor_username":"mota.macedo05@gmail.com","actor_via_sso":false,"log_type":"account","traits":{"provider":"email"}}', '2025-06-17 21:03:20.931652+00', ''),
	('00000000-0000-0000-0000-000000000000', 'd711543e-7073-42c1-9beb-913ab0215efd', '{"action":"login","actor_id":"0ce5d7a0-6d92-4502-93cb-946caf74ea53","actor_username":"mota.macedo05@gmail.com","actor_via_sso":false,"log_type":"account","traits":{"provider":"email"}}', '2025-06-17 21:04:06.458127+00', ''),
	('00000000-0000-0000-0000-000000000000', '9a33d64f-49c7-4c50-aeba-2f53ac03a6af', '{"action":"token_refreshed","actor_id":"0ce5d7a0-6d92-4502-93cb-946caf74ea53","actor_username":"mota.macedo05@gmail.com","actor_via_sso":false,"log_type":"token"}', '2025-06-18 11:25:08.288013+00', ''),
	('00000000-0000-0000-0000-000000000000', '6910a09c-2f6d-4416-abc6-d6f0684cebc2', '{"action":"token_revoked","actor_id":"0ce5d7a0-6d92-4502-93cb-946caf74ea53","actor_username":"mota.macedo05@gmail.com","actor_via_sso":false,"log_type":"token"}', '2025-06-18 11:25:08.288947+00', ''),
	('00000000-0000-0000-0000-000000000000', '6bc8483d-d3ba-46ce-98f0-5d15141b130b', '{"action":"token_refreshed","actor_id":"0ce5d7a0-6d92-4502-93cb-946caf74ea53","actor_username":"mota.macedo05@gmail.com","actor_via_sso":false,"log_type":"token"}', '2025-06-18 16:25:56.598215+00', ''),
	('00000000-0000-0000-0000-000000000000', '11bdbbfc-fec1-4be5-8f4f-54780a5a1b8b', '{"action":"token_revoked","actor_id":"0ce5d7a0-6d92-4502-93cb-946caf74ea53","actor_username":"mota.macedo05@gmail.com","actor_via_sso":false,"log_type":"token"}', '2025-06-18 16:25:56.599115+00', ''),
	('00000000-0000-0000-0000-000000000000', '6595979b-46fe-419d-8bc3-fa63dd1120ca', '{"action":"login","actor_id":"0ce5d7a0-6d92-4502-93cb-946caf74ea53","actor_username":"mota.macedo05@gmail.com","actor_via_sso":false,"log_type":"account","traits":{"provider":"email"}}', '2025-06-18 16:28:47.189674+00', ''),
	('00000000-0000-0000-0000-000000000000', '91953f8e-9697-47e8-8074-89a819689323', '{"action":"login","actor_id":"0ce5d7a0-6d92-4502-93cb-946caf74ea53","actor_username":"mota.macedo05@gmail.com","actor_via_sso":false,"log_type":"account","traits":{"provider":"email"}}', '2025-06-18 16:29:11.932287+00', ''),
	('00000000-0000-0000-0000-000000000000', '1befe3cb-da6e-440b-8b06-5ca5d31bf3f5', '{"action":"token_refreshed","actor_id":"0ce5d7a0-6d92-4502-93cb-946caf74ea53","actor_username":"mota.macedo05@gmail.com","actor_via_sso":false,"log_type":"token"}', '2025-06-18 16:46:36.025009+00', ''),
	('00000000-0000-0000-0000-000000000000', '810ce62b-6da9-42d2-a3bf-a0fa50d732fc', '{"action":"token_revoked","actor_id":"0ce5d7a0-6d92-4502-93cb-946caf74ea53","actor_username":"mota.macedo05@gmail.com","actor_via_sso":false,"log_type":"token"}', '2025-06-18 16:46:36.025958+00', ''),
	('00000000-0000-0000-0000-000000000000', '65a82aa8-b63d-41ff-8054-f316ec6a246b', '{"action":"login","actor_id":"0ce5d7a0-6d92-4502-93cb-946caf74ea53","actor_username":"mota.macedo05@gmail.com","actor_via_sso":false,"log_type":"account","traits":{"provider":"email"}}', '2025-06-18 16:56:15.462091+00', ''),
	('00000000-0000-0000-0000-000000000000', '27cd1e9c-4762-43e4-922d-f6c0e853b998', '{"action":"login","actor_id":"0ce5d7a0-6d92-4502-93cb-946caf74ea53","actor_username":"mota.macedo05@gmail.com","actor_via_sso":false,"log_type":"account","traits":{"provider":"email"}}', '2025-06-18 16:58:17.329577+00', ''),
	('00000000-0000-0000-0000-000000000000', '2224fa66-a04f-48a0-bcc9-0b6f7463cf07', '{"action":"token_refreshed","actor_id":"0ce5d7a0-6d92-4502-93cb-946caf74ea53","actor_username":"mota.macedo05@gmail.com","actor_via_sso":false,"log_type":"token"}', '2025-06-18 17:00:39.089201+00', ''),
	('00000000-0000-0000-0000-000000000000', 'ad1c0813-3ae4-43d7-970a-b165ce02b48b', '{"action":"token_revoked","actor_id":"0ce5d7a0-6d92-4502-93cb-946caf74ea53","actor_username":"mota.macedo05@gmail.com","actor_via_sso":false,"log_type":"token"}', '2025-06-18 17:00:39.090074+00', ''),
	('00000000-0000-0000-0000-000000000000', '48fee43f-67ce-4e65-b953-56965ddaa179', '{"action":"login","actor_id":"0ce5d7a0-6d92-4502-93cb-946caf74ea53","actor_username":"mota.macedo05@gmail.com","actor_via_sso":false,"log_type":"account","traits":{"provider":"email"}}', '2025-06-18 17:01:18.212832+00', ''),
	('00000000-0000-0000-0000-000000000000', 'dcc81131-1b47-43fc-9c5c-29954ada494e', '{"action":"login","actor_id":"0ce5d7a0-6d92-4502-93cb-946caf74ea53","actor_username":"mota.macedo05@gmail.com","actor_via_sso":false,"log_type":"account","traits":{"provider":"email"}}', '2025-06-18 17:02:55.141408+00', ''),
	('00000000-0000-0000-0000-000000000000', 'a43b1ddb-3d0f-4183-8f2a-514fc25b9cce', '{"action":"login","actor_id":"0ce5d7a0-6d92-4502-93cb-946caf74ea53","actor_username":"mota.macedo05@gmail.com","actor_via_sso":false,"log_type":"account","traits":{"provider":"email"}}', '2025-06-18 17:11:08.742643+00', ''),
	('00000000-0000-0000-0000-000000000000', '714a961d-8e0f-4ab6-ab53-0b3f1c113727', '{"action":"login","actor_id":"0ce5d7a0-6d92-4502-93cb-946caf74ea53","actor_username":"mota.macedo05@gmail.com","actor_via_sso":false,"log_type":"account","traits":{"provider":"email"}}', '2025-06-18 17:11:47.908023+00', ''),
	('00000000-0000-0000-0000-000000000000', '930ebe10-2e60-45f7-a011-0710ee3d82eb', '{"action":"login","actor_id":"0ce5d7a0-6d92-4502-93cb-946caf74ea53","actor_username":"mota.macedo05@gmail.com","actor_via_sso":false,"log_type":"account","traits":{"provider":"email"}}', '2025-06-18 17:12:39.623541+00', ''),
	('00000000-0000-0000-0000-000000000000', '266220e9-ae41-4760-ab39-67b81e8b33e3', '{"action":"login","actor_id":"0ce5d7a0-6d92-4502-93cb-946caf74ea53","actor_username":"mota.macedo05@gmail.com","actor_via_sso":false,"log_type":"account","traits":{"provider":"email"}}', '2025-06-18 17:14:22.522154+00', ''),
	('00000000-0000-0000-0000-000000000000', '28e9b3b4-50e8-4868-8ecc-cd102419a7f0', '{"action":"login","actor_id":"0ce5d7a0-6d92-4502-93cb-946caf74ea53","actor_username":"mota.macedo05@gmail.com","actor_via_sso":false,"log_type":"account","traits":{"provider":"email"}}', '2025-06-18 17:17:08.934657+00', ''),
	('00000000-0000-0000-0000-000000000000', '85517e3b-6514-4fc1-9221-c7de2ced1dd8', '{"action":"login","actor_id":"0ce5d7a0-6d92-4502-93cb-946caf74ea53","actor_username":"mota.macedo05@gmail.com","actor_via_sso":false,"log_type":"account","traits":{"provider":"email"}}', '2025-06-18 17:19:51.328333+00', ''),
	('00000000-0000-0000-0000-000000000000', 'a0a2af7d-dce0-4d08-a812-638180d34783', '{"action":"login","actor_id":"0ce5d7a0-6d92-4502-93cb-946caf74ea53","actor_username":"mota.macedo05@gmail.com","actor_via_sso":false,"log_type":"account","traits":{"provider":"email"}}', '2025-06-18 17:21:26.958702+00', ''),
	('00000000-0000-0000-0000-000000000000', 'ca606ca6-762d-4020-881b-e04d517165f6', '{"action":"login","actor_id":"0ce5d7a0-6d92-4502-93cb-946caf74ea53","actor_username":"mota.macedo05@gmail.com","actor_via_sso":false,"log_type":"account","traits":{"provider":"email"}}', '2025-06-18 17:22:19.731818+00', ''),
	('00000000-0000-0000-0000-000000000000', '2fcab59f-284a-426d-bf3c-9a505072aa8f', '{"action":"login","actor_id":"0ce5d7a0-6d92-4502-93cb-946caf74ea53","actor_username":"mota.macedo05@gmail.com","actor_via_sso":false,"log_type":"account","traits":{"provider":"email"}}', '2025-06-18 17:29:26.048423+00', ''),
	('00000000-0000-0000-0000-000000000000', '855a8a4e-8ae2-46f4-897d-ac3f2890f7eb', '{"action":"login","actor_id":"0ce5d7a0-6d92-4502-93cb-946caf74ea53","actor_username":"mota.macedo05@gmail.com","actor_via_sso":false,"log_type":"account","traits":{"provider":"email"}}', '2025-06-18 17:30:01.283342+00', ''),
	('00000000-0000-0000-0000-000000000000', '37e61e4a-72ec-4e16-ab65-53b09fbe560d', '{"action":"login","actor_id":"0ce5d7a0-6d92-4502-93cb-946caf74ea53","actor_username":"mota.macedo05@gmail.com","actor_via_sso":false,"log_type":"account","traits":{"provider":"email"}}', '2025-06-18 17:30:35.198044+00', ''),
	('00000000-0000-0000-0000-000000000000', 'dd9a0696-8cb7-48f0-ba6f-6e768a8947e2', '{"action":"login","actor_id":"0ce5d7a0-6d92-4502-93cb-946caf74ea53","actor_username":"mota.macedo05@gmail.com","actor_via_sso":false,"log_type":"account","traits":{"provider":"email"}}', '2025-06-18 17:37:29.093656+00', ''),
	('00000000-0000-0000-0000-000000000000', 'c22dfbbf-d6e8-4b97-964d-d71b4ae734ff', '{"action":"login","actor_id":"0ce5d7a0-6d92-4502-93cb-946caf74ea53","actor_username":"mota.macedo05@gmail.com","actor_via_sso":false,"log_type":"account","traits":{"provider":"email"}}', '2025-06-18 17:37:53.69911+00', ''),
	('00000000-0000-0000-0000-000000000000', 'ade74dac-9c22-428a-a4ee-7d3733491423', '{"action":"login","actor_id":"0ce5d7a0-6d92-4502-93cb-946caf74ea53","actor_username":"mota.macedo05@gmail.com","actor_via_sso":false,"log_type":"account","traits":{"provider":"email"}}', '2025-06-18 17:38:08.04401+00', ''),
	('00000000-0000-0000-0000-000000000000', '9057fabd-caf9-4440-9b93-8b5b86fcc3a2', '{"action":"token_refreshed","actor_id":"0ce5d7a0-6d92-4502-93cb-946caf74ea53","actor_username":"mota.macedo05@gmail.com","actor_via_sso":false,"log_type":"token"}', '2025-06-18 17:39:25.624907+00', ''),
	('00000000-0000-0000-0000-000000000000', 'c87ca062-f885-45e8-a951-b086163cb255', '{"action":"token_revoked","actor_id":"0ce5d7a0-6d92-4502-93cb-946caf74ea53","actor_username":"mota.macedo05@gmail.com","actor_via_sso":false,"log_type":"token"}', '2025-06-18 17:39:25.625831+00', ''),
	('00000000-0000-0000-0000-000000000000', 'd2412133-d5d3-4617-a8f9-56baae7c78e8', '{"action":"login","actor_id":"0ce5d7a0-6d92-4502-93cb-946caf74ea53","actor_username":"mota.macedo05@gmail.com","actor_via_sso":false,"log_type":"account","traits":{"provider":"email"}}', '2025-06-18 17:39:28.874019+00', ''),
	('00000000-0000-0000-0000-000000000000', 'c294fae2-28b3-4f95-a129-47a78b561262', '{"action":"login","actor_id":"0ce5d7a0-6d92-4502-93cb-946caf74ea53","actor_username":"mota.macedo05@gmail.com","actor_via_sso":false,"log_type":"account","traits":{"provider":"email"}}', '2025-06-18 17:40:28.206645+00', ''),
	('00000000-0000-0000-0000-000000000000', '9b57f3e3-c1fa-4450-abc5-f83490dfb8d8', '{"action":"login","actor_id":"0ce5d7a0-6d92-4502-93cb-946caf74ea53","actor_username":"mota.macedo05@gmail.com","actor_via_sso":false,"log_type":"account","traits":{"provider":"email"}}', '2025-06-18 17:41:26.675309+00', ''),
	('00000000-0000-0000-0000-000000000000', 'dff3422d-da72-43b4-8318-ad61e9311c39', '{"action":"login","actor_id":"0ce5d7a0-6d92-4502-93cb-946caf74ea53","actor_username":"mota.macedo05@gmail.com","actor_via_sso":false,"log_type":"account","traits":{"provider":"email"}}', '2025-06-18 17:43:47.495873+00', ''),
	('00000000-0000-0000-0000-000000000000', 'c724a44c-b84d-4a2b-ad07-f31e4c23f67a', '{"action":"login","actor_id":"0ce5d7a0-6d92-4502-93cb-946caf74ea53","actor_username":"mota.macedo05@gmail.com","actor_via_sso":false,"log_type":"account","traits":{"provider":"email"}}', '2025-06-18 17:44:48.713278+00', ''),
	('00000000-0000-0000-0000-000000000000', 'a8cde332-7166-41fc-b681-91c39134d02b', '{"action":"login","actor_id":"0ce5d7a0-6d92-4502-93cb-946caf74ea53","actor_username":"mota.macedo05@gmail.com","actor_via_sso":false,"log_type":"account","traits":{"provider":"email"}}', '2025-06-18 17:49:22.069675+00', ''),
	('00000000-0000-0000-0000-000000000000', '1df95cae-c9b5-4cbb-b26c-05b6827a2c0e', '{"action":"token_refreshed","actor_id":"0ce5d7a0-6d92-4502-93cb-946caf74ea53","actor_username":"mota.macedo05@gmail.com","actor_via_sso":false,"log_type":"token"}', '2025-06-18 17:49:39.244186+00', ''),
	('00000000-0000-0000-0000-000000000000', '52fae37a-fd56-48de-b5ca-321e9326d98a', '{"action":"token_revoked","actor_id":"0ce5d7a0-6d92-4502-93cb-946caf74ea53","actor_username":"mota.macedo05@gmail.com","actor_via_sso":false,"log_type":"token"}', '2025-06-18 17:49:39.244827+00', ''),
	('00000000-0000-0000-0000-000000000000', 'fe1c4cb3-06c2-4b9b-b9c1-f7d5d0e434b8', '{"action":"login","actor_id":"0ce5d7a0-6d92-4502-93cb-946caf74ea53","actor_username":"mota.macedo05@gmail.com","actor_via_sso":false,"log_type":"account","traits":{"provider":"email"}}', '2025-06-18 17:49:58.987913+00', ''),
	('00000000-0000-0000-0000-000000000000', 'a0eca931-546d-4194-ae58-c1166a5aa7e5', '{"action":"login","actor_id":"0ce5d7a0-6d92-4502-93cb-946caf74ea53","actor_username":"mota.macedo05@gmail.com","actor_via_sso":false,"log_type":"account","traits":{"provider":"email"}}', '2025-06-18 17:50:06.586846+00', ''),
	('00000000-0000-0000-0000-000000000000', '3dd6fe3a-6f9b-4d2d-aee5-63c9998b9047', '{"action":"login","actor_id":"0ce5d7a0-6d92-4502-93cb-946caf74ea53","actor_username":"mota.macedo05@gmail.com","actor_via_sso":false,"log_type":"account","traits":{"provider":"email"}}', '2025-06-18 17:52:22.295922+00', ''),
	('00000000-0000-0000-0000-000000000000', '8cdf6ab9-2581-4b5d-a804-e61152c41182', '{"action":"login","actor_id":"0ce5d7a0-6d92-4502-93cb-946caf74ea53","actor_username":"mota.macedo05@gmail.com","actor_via_sso":false,"log_type":"account","traits":{"provider":"email"}}', '2025-06-18 17:57:23.789489+00', ''),
	('00000000-0000-0000-0000-000000000000', 'd6919cde-3672-4a60-ae86-82ab501c2dbb', '{"action":"user_confirmation_requested","actor_id":"4fcb25ae-69c3-40cd-b007-4c9fdac6b8ce","actor_username":"mocce.gu0@gmail.com","actor_via_sso":false,"log_type":"user","traits":{"provider":"email"}}', '2025-06-18 17:59:24.482417+00', ''),
	('00000000-0000-0000-0000-000000000000', '2f9df963-2480-493b-bb81-0f3d4d32df74', '{"action":"user_confirmation_requested","actor_id":"4fcb25ae-69c3-40cd-b007-4c9fdac6b8ce","actor_username":"mocce.gu0@gmail.com","actor_via_sso":false,"log_type":"user","traits":{"provider":"email"}}', '2025-06-18 18:06:19.189401+00', ''),
	('00000000-0000-0000-0000-000000000000', 'aaff0d05-5566-4e59-a94a-472b629b400b', '{"action":"user_confirmation_requested","actor_id":"4fcb25ae-69c3-40cd-b007-4c9fdac6b8ce","actor_username":"mocce.gu0@gmail.com","actor_via_sso":false,"log_type":"user","traits":{"provider":"email"}}', '2025-06-18 18:18:01.843733+00', ''),
	('00000000-0000-0000-0000-000000000000', '7baaa8b6-987c-4193-8f75-2525602807f2', '{"action":"login","actor_id":"0ce5d7a0-6d92-4502-93cb-946caf74ea53","actor_username":"mota.macedo05@gmail.com","actor_via_sso":false,"log_type":"account","traits":{"provider":"email"}}', '2025-06-18 18:21:17.684234+00', ''),
	('00000000-0000-0000-0000-000000000000', '4ee548bb-3e08-44bd-b0da-800649fa2021', '{"action":"login","actor_id":"0ce5d7a0-6d92-4502-93cb-946caf74ea53","actor_username":"mota.macedo05@gmail.com","actor_via_sso":false,"log_type":"account","traits":{"provider":"email"}}', '2025-06-18 18:22:47.075294+00', ''),
	('00000000-0000-0000-0000-000000000000', '1af38537-228c-4907-a74f-2b70c1159a44', '{"action":"login","actor_id":"0ce5d7a0-6d92-4502-93cb-946caf74ea53","actor_username":"mota.macedo05@gmail.com","actor_via_sso":false,"log_type":"account","traits":{"provider":"email"}}', '2025-06-18 18:27:41.180299+00', ''),
	('00000000-0000-0000-0000-000000000000', 'bf1295aa-856b-4c08-aa74-772385dad146', '{"action":"login","actor_id":"0ce5d7a0-6d92-4502-93cb-946caf74ea53","actor_username":"mota.macedo05@gmail.com","actor_via_sso":false,"log_type":"account","traits":{"provider":"email"}}', '2025-06-18 18:28:54.213383+00', ''),
	('00000000-0000-0000-0000-000000000000', '98a3a1e2-609d-46f2-8aa6-e30f4e8fa41a', '{"action":"login","actor_id":"0ce5d7a0-6d92-4502-93cb-946caf74ea53","actor_username":"mota.macedo05@gmail.com","actor_via_sso":false,"log_type":"account","traits":{"provider":"email"}}', '2025-06-18 18:30:11.271439+00', ''),
	('00000000-0000-0000-0000-000000000000', 'a6e79c2f-f9c3-4aa8-8c01-182f68c009db', '{"action":"login","actor_id":"0ce5d7a0-6d92-4502-93cb-946caf74ea53","actor_username":"mota.macedo05@gmail.com","actor_via_sso":false,"log_type":"account","traits":{"provider":"email"}}', '2025-06-18 18:30:24.325124+00', ''),
	('00000000-0000-0000-0000-000000000000', '2bdaa4ec-269e-4a04-91f6-d9db4fcbf0c2', '{"action":"login","actor_id":"0ce5d7a0-6d92-4502-93cb-946caf74ea53","actor_username":"mota.macedo05@gmail.com","actor_via_sso":false,"log_type":"account","traits":{"provider":"email"}}', '2025-06-18 18:31:23.755285+00', ''),
	('00000000-0000-0000-0000-000000000000', '9f64c217-3e2e-4a37-83dc-02206a0ccd5c', '{"action":"login","actor_id":"0ce5d7a0-6d92-4502-93cb-946caf74ea53","actor_username":"mota.macedo05@gmail.com","actor_via_sso":false,"log_type":"account","traits":{"provider":"email"}}', '2025-06-18 18:31:48.032824+00', ''),
	('00000000-0000-0000-0000-000000000000', '9f80a5d2-2274-4bf1-9de3-01df4cc1f8fc', '{"action":"login","actor_id":"0ce5d7a0-6d92-4502-93cb-946caf74ea53","actor_username":"mota.macedo05@gmail.com","actor_via_sso":false,"log_type":"account","traits":{"provider":"email"}}', '2025-06-18 18:33:05.600231+00', ''),
	('00000000-0000-0000-0000-000000000000', 'ea6b1b9e-e30a-4835-aa5c-b5ae546cce54', '{"action":"login","actor_id":"0ce5d7a0-6d92-4502-93cb-946caf74ea53","actor_username":"mota.macedo05@gmail.com","actor_via_sso":false,"log_type":"account","traits":{"provider":"email"}}', '2025-06-18 18:34:47.73137+00', ''),
	('00000000-0000-0000-0000-000000000000', '346d1c47-72e4-408b-9b15-589bf995f24e', '{"action":"login","actor_id":"0ce5d7a0-6d92-4502-93cb-946caf74ea53","actor_username":"mota.macedo05@gmail.com","actor_via_sso":false,"log_type":"account","traits":{"provider":"email"}}', '2025-06-18 18:34:58.428795+00', ''),
	('00000000-0000-0000-0000-000000000000', 'bff1fce4-668b-4100-a034-9453cc5e5030', '{"action":"login","actor_id":"0ce5d7a0-6d92-4502-93cb-946caf74ea53","actor_username":"mota.macedo05@gmail.com","actor_via_sso":false,"log_type":"account","traits":{"provider":"email"}}', '2025-06-18 18:35:10.734399+00', ''),
	('00000000-0000-0000-0000-000000000000', '13bf4d3e-8649-44e3-ac83-d7dbcb24f76d', '{"action":"token_refreshed","actor_id":"0ce5d7a0-6d92-4502-93cb-946caf74ea53","actor_username":"mota.macedo05@gmail.com","actor_via_sso":false,"log_type":"token"}', '2025-06-18 18:40:40.722737+00', ''),
	('00000000-0000-0000-0000-000000000000', 'e37d181b-ad88-4132-8f78-e8190697b4db', '{"action":"token_revoked","actor_id":"0ce5d7a0-6d92-4502-93cb-946caf74ea53","actor_username":"mota.macedo05@gmail.com","actor_via_sso":false,"log_type":"token"}', '2025-06-18 18:40:40.723823+00', ''),
	('00000000-0000-0000-0000-000000000000', '73325882-71a6-4f4e-969e-c68fd41fdee5', '{"action":"token_refreshed","actor_id":"0ce5d7a0-6d92-4502-93cb-946caf74ea53","actor_username":"mota.macedo05@gmail.com","actor_via_sso":false,"log_type":"token"}', '2025-06-18 18:52:46.872989+00', ''),
	('00000000-0000-0000-0000-000000000000', '293dfcbb-7204-4b7b-92ee-23b286abbc20', '{"action":"token_revoked","actor_id":"0ce5d7a0-6d92-4502-93cb-946caf74ea53","actor_username":"mota.macedo05@gmail.com","actor_via_sso":false,"log_type":"token"}', '2025-06-18 18:52:46.874031+00', ''),
	('00000000-0000-0000-0000-000000000000', '7656cdd4-20fa-414f-b9f3-165171d4d893', '{"action":"login","actor_id":"0ce5d7a0-6d92-4502-93cb-946caf74ea53","actor_username":"mota.macedo05@gmail.com","actor_via_sso":false,"log_type":"account","traits":{"provider":"email"}}', '2025-06-18 19:03:54.583647+00', ''),
	('00000000-0000-0000-0000-000000000000', '7b2bf9b6-67dd-4139-a104-7af02c649c78', '{"action":"login","actor_id":"0ce5d7a0-6d92-4502-93cb-946caf74ea53","actor_username":"mota.macedo05@gmail.com","actor_via_sso":false,"log_type":"account","traits":{"provider":"email"}}', '2025-06-18 19:04:17.032064+00', ''),
	('00000000-0000-0000-0000-000000000000', '639402d2-5f06-4042-a099-f98f360caecc', '{"action":"login","actor_id":"0ce5d7a0-6d92-4502-93cb-946caf74ea53","actor_username":"mota.macedo05@gmail.com","actor_via_sso":false,"log_type":"account","traits":{"provider":"email"}}', '2025-06-18 19:06:14.789327+00', ''),
	('00000000-0000-0000-0000-000000000000', '807ebc7d-e72f-4722-bf63-c3b7c421ec5e', '{"action":"login","actor_id":"0ce5d7a0-6d92-4502-93cb-946caf74ea53","actor_username":"mota.macedo05@gmail.com","actor_via_sso":false,"log_type":"account","traits":{"provider":"email"}}', '2025-06-18 19:07:58.639584+00', ''),
	('00000000-0000-0000-0000-000000000000', 'abf777d1-1d06-4039-a20b-dda6b87d8a01', '{"action":"login","actor_id":"0ce5d7a0-6d92-4502-93cb-946caf74ea53","actor_username":"mota.macedo05@gmail.com","actor_via_sso":false,"log_type":"account","traits":{"provider":"email"}}', '2025-06-18 19:10:21.279939+00', ''),
	('00000000-0000-0000-0000-000000000000', '92f01908-7f04-4908-8f6f-66525124a15b', '{"action":"login","actor_id":"0ce5d7a0-6d92-4502-93cb-946caf74ea53","actor_username":"mota.macedo05@gmail.com","actor_via_sso":false,"log_type":"account","traits":{"provider":"email"}}', '2025-06-18 19:10:43.632571+00', ''),
	('00000000-0000-0000-0000-000000000000', '1631851c-5441-4c80-aff0-c632f2c12f22', '{"action":"login","actor_id":"0ce5d7a0-6d92-4502-93cb-946caf74ea53","actor_username":"mota.macedo05@gmail.com","actor_via_sso":false,"log_type":"account","traits":{"provider":"email"}}', '2025-06-18 19:11:01.064835+00', ''),
	('00000000-0000-0000-0000-000000000000', '4e4606a5-8ee5-4ebb-a00c-5856f6495849', '{"action":"user_signedup","actor_id":"4fcb25ae-69c3-40cd-b007-4c9fdac6b8ce","actor_username":"mocce.gu0@gmail.com","actor_via_sso":false,"log_type":"team"}', '2025-06-18 19:11:47.995989+00', ''),
	('00000000-0000-0000-0000-000000000000', 'dc557287-c4da-4db0-92c8-eb856f1b0371', '{"action":"login","actor_id":"4fcb25ae-69c3-40cd-b007-4c9fdac6b8ce","actor_username":"mocce.gu0@gmail.com","actor_via_sso":false,"log_type":"account","traits":{"provider":"email"}}', '2025-06-18 19:11:51.859277+00', ''),
	('00000000-0000-0000-0000-000000000000', 'cb79ed45-dd1c-466f-bff1-f1af97f39029', '{"action":"login","actor_id":"0ce5d7a0-6d92-4502-93cb-946caf74ea53","actor_username":"mota.macedo05@gmail.com","actor_via_sso":false,"log_type":"account","traits":{"provider":"email"}}', '2025-06-18 19:13:23.910775+00', ''),
	('00000000-0000-0000-0000-000000000000', 'c4fcc785-49d6-4ea1-97ef-8d2a3f6633e1', '{"action":"login","actor_id":"0ce5d7a0-6d92-4502-93cb-946caf74ea53","actor_username":"mota.macedo05@gmail.com","actor_via_sso":false,"log_type":"account","traits":{"provider":"email"}}', '2025-06-18 19:14:52.237267+00', ''),
	('00000000-0000-0000-0000-000000000000', '2f98de39-f17b-4468-ae93-af9bc63232f2', '{"action":"login","actor_id":"b339bf4e-9f8c-49b0-bc68-4a18dcde5aca","actor_username":"admin@operadora.legal","actor_via_sso":false,"log_type":"account","traits":{"provider":"email"}}', '2025-06-19 19:20:16.284207+00', ''),
	('00000000-0000-0000-0000-000000000000', 'f0429554-4ca3-4262-98f0-5ab47b7cfea6', '{"action":"token_refreshed","actor_id":"b339bf4e-9f8c-49b0-bc68-4a18dcde5aca","actor_username":"admin@operadora.legal","actor_via_sso":false,"log_type":"token"}', '2025-06-19 20:19:42.666107+00', ''),
	('00000000-0000-0000-0000-000000000000', 'ad8a63bf-a149-413e-9a6c-3ddfe49912d1', '{"action":"token_revoked","actor_id":"b339bf4e-9f8c-49b0-bc68-4a18dcde5aca","actor_username":"admin@operadora.legal","actor_via_sso":false,"log_type":"token"}', '2025-06-19 20:19:42.666888+00', ''),
	('00000000-0000-0000-0000-000000000000', 'dad9321a-2f64-4ac9-848d-4b40655c7d68', '{"action":"token_refreshed","actor_id":"0ce5d7a0-6d92-4502-93cb-946caf74ea53","actor_username":"mota.macedo05@gmail.com","actor_via_sso":false,"log_type":"token"}', '2025-06-20 17:17:38.466119+00', ''),
	('00000000-0000-0000-0000-000000000000', '6d8c03c3-161d-416f-9caa-6dc73a3a411f', '{"action":"token_revoked","actor_id":"0ce5d7a0-6d92-4502-93cb-946caf74ea53","actor_username":"mota.macedo05@gmail.com","actor_via_sso":false,"log_type":"token"}', '2025-06-20 17:17:38.467027+00', ''),
	('00000000-0000-0000-0000-000000000000', '3634b6d1-91a3-44f1-8d96-77fa1e7804dc', '{"action":"token_refreshed","actor_id":"0ce5d7a0-6d92-4502-93cb-946caf74ea53","actor_username":"mota.macedo05@gmail.com","actor_via_sso":false,"log_type":"token"}', '2025-06-20 17:17:44.16355+00', ''),
	('00000000-0000-0000-0000-000000000000', '86f28598-9883-45f5-910e-4135aec5478b', '{"action":"token_revoked","actor_id":"0ce5d7a0-6d92-4502-93cb-946caf74ea53","actor_username":"mota.macedo05@gmail.com","actor_via_sso":false,"log_type":"token"}', '2025-06-20 17:17:44.164224+00', ''),
	('00000000-0000-0000-0000-000000000000', '0eea07be-16e7-41be-99a7-dfeb6d32e34e', '{"action":"login","actor_id":"0ce5d7a0-6d92-4502-93cb-946caf74ea53","actor_username":"mota.macedo05@gmail.com","actor_via_sso":false,"log_type":"account","traits":{"provider":"email"}}', '2025-06-20 17:21:28.761373+00', ''),
	('00000000-0000-0000-0000-000000000000', '8af1e7d1-e685-448b-aae4-de0ac7514c7b', '{"action":"login","actor_id":"0ce5d7a0-6d92-4502-93cb-946caf74ea53","actor_username":"mota.macedo05@gmail.com","actor_via_sso":false,"log_type":"account","traits":{"provider":"email"}}', '2025-06-20 17:29:28.175094+00', ''),
	('00000000-0000-0000-0000-000000000000', '38f5a966-206b-4306-a54d-4defd07bfb6b', '{"action":"login","actor_id":"0ce5d7a0-6d92-4502-93cb-946caf74ea53","actor_username":"mota.macedo05@gmail.com","actor_via_sso":false,"log_type":"account","traits":{"provider":"email"}}', '2025-06-20 17:33:12.104061+00', ''),
	('00000000-0000-0000-0000-000000000000', '09f8b4fd-34c4-447c-b0b9-a6a7f3629084', '{"action":"token_refreshed","actor_id":"0ce5d7a0-6d92-4502-93cb-946caf74ea53","actor_username":"mota.macedo05@gmail.com","actor_via_sso":false,"log_type":"token"}', '2025-06-20 17:40:08.463706+00', ''),
	('00000000-0000-0000-0000-000000000000', '9d2edd92-2058-4f7f-aade-ccd9baad9c93', '{"action":"token_revoked","actor_id":"0ce5d7a0-6d92-4502-93cb-946caf74ea53","actor_username":"mota.macedo05@gmail.com","actor_via_sso":false,"log_type":"token"}', '2025-06-20 17:40:08.464704+00', ''),
	('00000000-0000-0000-0000-000000000000', 'baed9bf2-3c5c-497c-85e3-86228a603e06', '{"action":"login","actor_id":"0ce5d7a0-6d92-4502-93cb-946caf74ea53","actor_username":"mota.macedo05@gmail.com","actor_via_sso":false,"log_type":"account","traits":{"provider":"email"}}', '2025-06-20 17:46:26.258634+00', ''),
	('00000000-0000-0000-0000-000000000000', '2faeb5a5-f97e-46a9-895e-0cb54dcb5955', '{"action":"login","actor_id":"0ce5d7a0-6d92-4502-93cb-946caf74ea53","actor_username":"mota.macedo05@gmail.com","actor_via_sso":false,"log_type":"account","traits":{"provider":"email"}}', '2025-06-20 17:48:26.667708+00', ''),
	('00000000-0000-0000-0000-000000000000', 'fcd9f878-f3bf-4b1a-8cc8-53fc6d1661ab', '{"action":"login","actor_id":"0ce5d7a0-6d92-4502-93cb-946caf74ea53","actor_username":"mota.macedo05@gmail.com","actor_via_sso":false,"log_type":"account","traits":{"provider":"email"}}', '2025-06-20 17:49:15.395419+00', ''),
	('00000000-0000-0000-0000-000000000000', 'b5cb3cf2-5aa7-435e-b6d5-9cd8d7e2fbe3', '{"action":"token_refreshed","actor_id":"0ce5d7a0-6d92-4502-93cb-946caf74ea53","actor_username":"mota.macedo05@gmail.com","actor_via_sso":false,"log_type":"token"}', '2025-06-20 18:00:41.748079+00', ''),
	('00000000-0000-0000-0000-000000000000', '82fdf9d4-7902-41a7-9107-de1ee17f38fd', '{"action":"token_revoked","actor_id":"0ce5d7a0-6d92-4502-93cb-946caf74ea53","actor_username":"mota.macedo05@gmail.com","actor_via_sso":false,"log_type":"token"}', '2025-06-20 18:00:41.749956+00', ''),
	('00000000-0000-0000-0000-000000000000', '17e6c5de-1075-48e3-897c-f7e1ad867c33', '{"action":"login","actor_id":"0ce5d7a0-6d92-4502-93cb-946caf74ea53","actor_username":"mota.macedo05@gmail.com","actor_via_sso":false,"log_type":"account","traits":{"provider":"email"}}', '2025-06-20 18:09:02.747667+00', ''),
	('00000000-0000-0000-0000-000000000000', 'bbcf6674-2a39-494e-8098-bbfbcb9936f5', '{"action":"login","actor_id":"0ce5d7a0-6d92-4502-93cb-946caf74ea53","actor_username":"mota.macedo05@gmail.com","actor_via_sso":false,"log_type":"account","traits":{"provider":"email"}}', '2025-06-20 18:22:43.278673+00', ''),
	('00000000-0000-0000-0000-000000000000', '5b89113a-82e0-4672-af77-b70b84dc131b', '{"action":"login","actor_id":"0ce5d7a0-6d92-4502-93cb-946caf74ea53","actor_username":"mota.macedo05@gmail.com","actor_via_sso":false,"log_type":"account","traits":{"provider":"email"}}', '2025-06-20 18:22:56.541466+00', ''),
	('00000000-0000-0000-0000-000000000000', 'fac02db4-21cc-4e8c-ac82-a4314b5888fa', '{"action":"login","actor_id":"0ce5d7a0-6d92-4502-93cb-946caf74ea53","actor_username":"mota.macedo05@gmail.com","actor_via_sso":false,"log_type":"account","traits":{"provider":"email"}}', '2025-06-20 18:23:08.530271+00', ''),
	('00000000-0000-0000-0000-000000000000', '901bf6a4-36b1-40db-8957-fa7e0073c824', '{"action":"token_refreshed","actor_id":"0ce5d7a0-6d92-4502-93cb-946caf74ea53","actor_username":"mota.macedo05@gmail.com","actor_via_sso":false,"log_type":"token"}', '2025-06-20 18:24:46.735133+00', ''),
	('00000000-0000-0000-0000-000000000000', 'df5be45a-ea8c-43e8-9bc7-52103111ac4a', '{"action":"token_revoked","actor_id":"0ce5d7a0-6d92-4502-93cb-946caf74ea53","actor_username":"mota.macedo05@gmail.com","actor_via_sso":false,"log_type":"token"}', '2025-06-20 18:24:46.736004+00', ''),
	('00000000-0000-0000-0000-000000000000', '49db0d54-64c9-4671-9367-2b471620b22e', '{"action":"login","actor_id":"0ce5d7a0-6d92-4502-93cb-946caf74ea53","actor_username":"mota.macedo05@gmail.com","actor_via_sso":false,"log_type":"account","traits":{"provider":"email"}}', '2025-06-20 18:25:02.042826+00', ''),
	('00000000-0000-0000-0000-000000000000', '76852490-18c7-4f22-b6c3-5fc6ab88d436', '{"action":"token_refreshed","actor_id":"0ce5d7a0-6d92-4502-93cb-946caf74ea53","actor_username":"mota.macedo05@gmail.com","actor_via_sso":false,"log_type":"token"}', '2025-06-20 19:00:11.712133+00', ''),
	('00000000-0000-0000-0000-000000000000', 'b1707560-0e8f-4e1d-afc4-9e44a69b5bc3', '{"action":"token_revoked","actor_id":"0ce5d7a0-6d92-4502-93cb-946caf74ea53","actor_username":"mota.macedo05@gmail.com","actor_via_sso":false,"log_type":"token"}', '2025-06-20 19:00:11.714073+00', ''),
	('00000000-0000-0000-0000-000000000000', 'f26cf852-7c3d-46dc-bbc4-c92bebeb8ee6', '{"action":"token_refreshed","actor_id":"0ce5d7a0-6d92-4502-93cb-946caf74ea53","actor_username":"mota.macedo05@gmail.com","actor_via_sso":false,"log_type":"token"}', '2025-06-20 19:09:01.207531+00', ''),
	('00000000-0000-0000-0000-000000000000', '32872f80-da09-4901-b5e1-f79eba528f8d', '{"action":"token_revoked","actor_id":"0ce5d7a0-6d92-4502-93cb-946caf74ea53","actor_username":"mota.macedo05@gmail.com","actor_via_sso":false,"log_type":"token"}', '2025-06-20 19:09:01.208703+00', ''),
	('00000000-0000-0000-0000-000000000000', 'e7bba63b-c7a4-4615-8368-319fcf91c25b', '{"action":"logout","actor_id":"0ce5d7a0-6d92-4502-93cb-946caf74ea53","actor_username":"mota.macedo05@gmail.com","actor_via_sso":false,"log_type":"account"}', '2025-06-20 19:16:38.230334+00', ''),
	('00000000-0000-0000-0000-000000000000', '3f1c0d29-5041-4a61-b700-ef1ccdacbac1', '{"action":"login","actor_id":"b339bf4e-9f8c-49b0-bc68-4a18dcde5aca","actor_username":"admin@operadora.legal","actor_via_sso":false,"log_type":"account","traits":{"provider":"email"}}', '2025-06-20 19:16:42.393053+00', ''),
	('00000000-0000-0000-0000-000000000000', '597211f2-748a-46a2-b1c7-9523f332fa39', '{"action":"logout","actor_id":"b339bf4e-9f8c-49b0-bc68-4a18dcde5aca","actor_username":"admin@operadora.legal","actor_via_sso":false,"log_type":"account"}', '2025-06-20 19:16:50.930904+00', ''),
	('00000000-0000-0000-0000-000000000000', '31542f1f-20dd-44d6-829c-d85269225d33', '{"action":"login","actor_id":"b339bf4e-9f8c-49b0-bc68-4a18dcde5aca","actor_username":"admin@operadora.legal","actor_via_sso":false,"log_type":"account","traits":{"provider":"email"}}', '2025-06-20 19:17:20.545087+00', ''),
	('00000000-0000-0000-0000-000000000000', 'b5e0ec69-aa52-45c5-a58d-05f4f64a3644', '{"action":"logout","actor_id":"b339bf4e-9f8c-49b0-bc68-4a18dcde5aca","actor_username":"admin@operadora.legal","actor_via_sso":false,"log_type":"account"}', '2025-06-20 19:17:26.710753+00', ''),
	('00000000-0000-0000-0000-000000000000', 'd90d248a-5a48-4bf2-93a3-088ec00aab3a', '{"action":"login","actor_id":"b339bf4e-9f8c-49b0-bc68-4a18dcde5aca","actor_username":"admin@operadora.legal","actor_via_sso":false,"log_type":"account","traits":{"provider":"email"}}', '2025-06-20 19:17:35.983339+00', ''),
	('00000000-0000-0000-0000-000000000000', 'd3978a68-917d-4a89-b988-53d948d34482', '{"action":"logout","actor_id":"b339bf4e-9f8c-49b0-bc68-4a18dcde5aca","actor_username":"admin@operadora.legal","actor_via_sso":false,"log_type":"account"}', '2025-06-20 19:17:41.45929+00', ''),
	('00000000-0000-0000-0000-000000000000', 'e95cc502-f9c9-416b-846c-511afd29926c', '{"action":"user_deleted","actor_id":"00000000-0000-0000-0000-000000000000","actor_username":"service_role","actor_via_sso":false,"log_type":"team","traits":{"user_email":"mocce.gu0@gmail.com","user_id":"4fcb25ae-69c3-40cd-b007-4c9fdac6b8ce","user_phone":""}}', '2025-06-20 19:18:04.038969+00', ''),
	('00000000-0000-0000-0000-000000000000', '0b84c249-b1dc-4fd9-ad33-6d224c468ee5', '{"action":"user_deleted","actor_id":"00000000-0000-0000-0000-000000000000","actor_username":"service_role","actor_via_sso":false,"log_type":"team","traits":{"user_email":"admin@operadora.legal","user_id":"b339bf4e-9f8c-49b0-bc68-4a18dcde5aca","user_phone":""}}', '2025-06-20 19:18:04.229266+00', ''),
	('00000000-0000-0000-0000-000000000000', 'a0df8af8-943f-44f9-9e97-504d1a342601', '{"action":"user_signedup","actor_id":"00000000-0000-0000-0000-000000000000","actor_username":"service_role","actor_via_sso":false,"log_type":"team","traits":{"user_email":"admin@operadora.legal","user_id":"03f5928c-41cb-4c07-8080-bd9e8bf74d1d","user_phone":""}}', '2025-06-20 19:18:16.381867+00', ''),
	('00000000-0000-0000-0000-000000000000', '87c22a46-4367-4748-83d1-06517823649d', '{"action":"login","actor_id":"03f5928c-41cb-4c07-8080-bd9e8bf74d1d","actor_username":"admin@operadora.legal","actor_via_sso":false,"log_type":"account","traits":{"provider":"email"}}', '2025-06-20 19:18:25.833804+00', ''),
	('00000000-0000-0000-0000-000000000000', '74f89c33-5263-4022-bb42-b57fcdd8d614', '{"action":"logout","actor_id":"03f5928c-41cb-4c07-8080-bd9e8bf74d1d","actor_username":"admin@operadora.legal","actor_via_sso":false,"log_type":"account"}', '2025-06-20 19:19:59.955746+00', ''),
	('00000000-0000-0000-0000-000000000000', '6a078bdb-097f-4b28-85b7-aa91c25d98a9', '{"action":"login","actor_id":"03f5928c-41cb-4c07-8080-bd9e8bf74d1d","actor_username":"admin@operadora.legal","actor_via_sso":false,"log_type":"account","traits":{"provider":"email"}}', '2025-06-20 19:20:05.758449+00', ''),
	('00000000-0000-0000-0000-000000000000', '62d4b74d-f3dc-4d84-81b7-908277b452b8', '{"action":"logout","actor_id":"03f5928c-41cb-4c07-8080-bd9e8bf74d1d","actor_username":"admin@operadora.legal","actor_via_sso":false,"log_type":"account"}', '2025-06-20 19:22:40.978763+00', ''),
	('00000000-0000-0000-0000-000000000000', '264bdce5-258f-43f8-b693-c5c1dfd3b771', '{"action":"login","actor_id":"0ce5d7a0-6d92-4502-93cb-946caf74ea53","actor_username":"mota.macedo05@gmail.com","actor_via_sso":false,"log_type":"account","traits":{"provider":"email"}}', '2025-06-20 19:22:43.120036+00', ''),
	('00000000-0000-0000-0000-000000000000', '25dd10c1-9e64-408a-9b4e-449cc04a70d0', '{"action":"logout","actor_id":"0ce5d7a0-6d92-4502-93cb-946caf74ea53","actor_username":"mota.macedo05@gmail.com","actor_via_sso":false,"log_type":"account"}', '2025-06-20 19:22:51.024063+00', ''),
	('00000000-0000-0000-0000-000000000000', '8c5ab5ae-4cdf-4bb9-94cf-9482b59d1a34', '{"action":"login","actor_id":"0ce5d7a0-6d92-4502-93cb-946caf74ea53","actor_username":"mota.macedo05@gmail.com","actor_via_sso":false,"log_type":"account","traits":{"provider":"email"}}', '2025-06-20 19:26:12.576188+00', ''),
	('00000000-0000-0000-0000-000000000000', 'f57744e1-2280-40f7-b27e-76ae276a1672', '{"action":"logout","actor_id":"0ce5d7a0-6d92-4502-93cb-946caf74ea53","actor_username":"mota.macedo05@gmail.com","actor_via_sso":false,"log_type":"account"}', '2025-06-20 19:26:25.046868+00', ''),
	('00000000-0000-0000-0000-000000000000', '625957c5-9c37-45c9-a444-79bff2b10798', '{"action":"login","actor_id":"03f5928c-41cb-4c07-8080-bd9e8bf74d1d","actor_username":"admin@operadora.legal","actor_via_sso":false,"log_type":"account","traits":{"provider":"email"}}', '2025-06-20 19:26:32.310775+00', ''),
	('00000000-0000-0000-0000-000000000000', 'f4317c56-9535-4d9d-a2ed-6c5d1596fa78', '{"action":"login","actor_id":"0ce5d7a0-6d92-4502-93cb-946caf74ea53","actor_username":"mota.macedo05@gmail.com","actor_via_sso":false,"log_type":"account","traits":{"provider":"email"}}', '2025-06-20 19:32:30.550473+00', ''),
	('00000000-0000-0000-0000-000000000000', 'a14e7a6b-512d-4e86-9cb3-e6d9f4f388c1', '{"action":"login","actor_id":"0ce5d7a0-6d92-4502-93cb-946caf74ea53","actor_username":"mota.macedo05@gmail.com","actor_via_sso":false,"log_type":"account","traits":{"provider":"email"}}', '2025-06-23 12:08:00.76778+00', ''),
	('00000000-0000-0000-0000-000000000000', 'ed2e2480-3674-4b16-af61-38dac37f1dcb', '{"action":"token_refreshed","actor_id":"0ce5d7a0-6d92-4502-93cb-946caf74ea53","actor_username":"mota.macedo05@gmail.com","actor_via_sso":false,"log_type":"token"}', '2025-06-23 12:09:41.78598+00', ''),
	('00000000-0000-0000-0000-000000000000', '644e929f-9d0c-48ce-a2a6-bee9cf7979ab', '{"action":"token_revoked","actor_id":"0ce5d7a0-6d92-4502-93cb-946caf74ea53","actor_username":"mota.macedo05@gmail.com","actor_via_sso":false,"log_type":"token"}', '2025-06-23 12:09:41.786968+00', ''),
	('00000000-0000-0000-0000-000000000000', 'ff0d8186-96d3-4257-b5c0-35b15b876c3c', '{"action":"login","actor_id":"03f5928c-41cb-4c07-8080-bd9e8bf74d1d","actor_username":"admin@operadora.legal","actor_via_sso":false,"log_type":"account","traits":{"provider":"email"}}', '2025-06-23 12:09:50.392491+00', ''),
	('00000000-0000-0000-0000-000000000000', '8306e921-9def-43b9-979c-aaa2bc194e85', '{"action":"logout","actor_id":"0ce5d7a0-6d92-4502-93cb-946caf74ea53","actor_username":"mota.macedo05@gmail.com","actor_via_sso":false,"log_type":"account"}', '2025-06-23 12:10:23.796362+00', ''),
	('00000000-0000-0000-0000-000000000000', 'b3d2be6c-4f56-4a83-8f62-db1887a04023', '{"action":"login","actor_id":"03f5928c-41cb-4c07-8080-bd9e8bf74d1d","actor_username":"admin@operadora.legal","actor_via_sso":false,"log_type":"account","traits":{"provider":"email"}}', '2025-06-23 12:38:54.36482+00', ''),
	('00000000-0000-0000-0000-000000000000', 'f2fccb8f-e1b3-4813-967d-583b868b870c', '{"action":"logout","actor_id":"03f5928c-41cb-4c07-8080-bd9e8bf74d1d","actor_username":"admin@operadora.legal","actor_via_sso":false,"log_type":"account"}', '2025-06-23 12:41:44.23179+00', ''),
	('00000000-0000-0000-0000-000000000000', '05baf42a-bc62-4b33-afb1-3a46812305b9', '{"action":"login","actor_id":"03f5928c-41cb-4c07-8080-bd9e8bf74d1d","actor_username":"admin@operadora.legal","actor_via_sso":false,"log_type":"account","traits":{"provider":"email"}}', '2025-06-23 12:41:50.176835+00', ''),
	('00000000-0000-0000-0000-000000000000', '4e6ffea6-9108-44f0-8a15-0ee18ce40369', '{"action":"login","actor_id":"03f5928c-41cb-4c07-8080-bd9e8bf74d1d","actor_username":"admin@operadora.legal","actor_via_sso":false,"log_type":"account","traits":{"provider":"email"}}', '2025-06-23 12:43:43.293767+00', ''),
	('00000000-0000-0000-0000-000000000000', '2776f5c0-a73c-4544-ba02-f9467a5259c4', '{"action":"logout","actor_id":"03f5928c-41cb-4c07-8080-bd9e8bf74d1d","actor_username":"admin@operadora.legal","actor_via_sso":false,"log_type":"account"}', '2025-06-23 12:47:57.891085+00', ''),
	('00000000-0000-0000-0000-000000000000', '8079f319-6f04-40fb-8054-1c30007f8cb4', '{"action":"login","actor_id":"0ce5d7a0-6d92-4502-93cb-946caf74ea53","actor_username":"mota.macedo05@gmail.com","actor_via_sso":false,"log_type":"account","traits":{"provider":"email"}}', '2025-06-23 12:48:00.534415+00', ''),
	('00000000-0000-0000-0000-000000000000', '9af4abce-7dcc-44e4-9de7-01c7915d9aae', '{"action":"logout","actor_id":"0ce5d7a0-6d92-4502-93cb-946caf74ea53","actor_username":"mota.macedo05@gmail.com","actor_via_sso":false,"log_type":"account"}', '2025-06-23 13:01:44.897657+00', ''),
	('00000000-0000-0000-0000-000000000000', 'f925a334-5633-469b-aced-6c67d0ca0e5f', '{"action":"login","actor_id":"03f5928c-41cb-4c07-8080-bd9e8bf74d1d","actor_username":"admin@operadora.legal","actor_via_sso":false,"log_type":"account","traits":{"provider":"email"}}', '2025-06-23 13:01:50.991829+00', ''),
	('00000000-0000-0000-0000-000000000000', '3d72327a-717e-4260-b66c-84934fe2f082', '{"action":"logout","actor_id":"03f5928c-41cb-4c07-8080-bd9e8bf74d1d","actor_username":"admin@operadora.legal","actor_via_sso":false,"log_type":"account"}', '2025-06-23 13:11:27.435315+00', ''),
	('00000000-0000-0000-0000-000000000000', 'fdd7b334-09ca-4fc4-9531-a85007ccbafb', '{"action":"login","actor_id":"03f5928c-41cb-4c07-8080-bd9e8bf74d1d","actor_username":"admin@operadora.legal","actor_via_sso":false,"log_type":"account","traits":{"provider":"email"}}', '2025-06-23 13:11:39.80003+00', ''),
	('00000000-0000-0000-0000-000000000000', '0e4fb80f-5bd9-41a6-8af3-7dff39fd634b', '{"action":"logout","actor_id":"03f5928c-41cb-4c07-8080-bd9e8bf74d1d","actor_username":"admin@operadora.legal","actor_via_sso":false,"log_type":"account"}', '2025-06-23 13:25:58.11893+00', ''),
	('00000000-0000-0000-0000-000000000000', 'c45c9059-6285-44fa-9113-16d1450307b1', '{"action":"login","actor_id":"0ce5d7a0-6d92-4502-93cb-946caf74ea53","actor_username":"mota.macedo05@gmail.com","actor_via_sso":false,"log_type":"account","traits":{"provider":"email"}}', '2025-06-23 13:26:00.254303+00', ''),
	('00000000-0000-0000-0000-000000000000', '6911f1a3-135a-44b1-847c-34240a9bcded', '{"action":"logout","actor_id":"0ce5d7a0-6d92-4502-93cb-946caf74ea53","actor_username":"mota.macedo05@gmail.com","actor_via_sso":false,"log_type":"account"}', '2025-06-23 13:57:55.624079+00', ''),
	('00000000-0000-0000-0000-000000000000', '40fab389-cdff-4428-a12a-7572d31551b9', '{"action":"login","actor_id":"0ce5d7a0-6d92-4502-93cb-946caf74ea53","actor_username":"mota.macedo05@gmail.com","actor_via_sso":false,"log_type":"account","traits":{"provider":"email"}}', '2025-06-23 13:57:57.632912+00', ''),
	('00000000-0000-0000-0000-000000000000', '8f21ed12-054e-4ffd-9110-2fd7ce5a193d', '{"action":"logout","actor_id":"0ce5d7a0-6d92-4502-93cb-946caf74ea53","actor_username":"mota.macedo05@gmail.com","actor_via_sso":false,"log_type":"account"}', '2025-06-23 13:58:02.06449+00', ''),
	('00000000-0000-0000-0000-000000000000', 'f44a1e23-e747-42f6-8754-442b62d58466', '{"action":"login","actor_id":"03f5928c-41cb-4c07-8080-bd9e8bf74d1d","actor_username":"admin@operadora.legal","actor_via_sso":false,"log_type":"account","traits":{"provider":"email"}}', '2025-06-23 13:58:08.296633+00', ''),
	('00000000-0000-0000-0000-000000000000', 'f93da7aa-9f99-4be2-bc21-298e7b3db35e', '{"action":"login","actor_id":"0ce5d7a0-6d92-4502-93cb-946caf74ea53","actor_username":"mota.macedo05@gmail.com","actor_via_sso":false,"log_type":"account","traits":{"provider":"email"}}', '2025-06-23 14:38:59.199543+00', ''),
	('00000000-0000-0000-0000-000000000000', '97a4b8cd-dfbf-40fb-a1cb-960de1ced9a0', '{"action":"token_refreshed","actor_id":"03f5928c-41cb-4c07-8080-bd9e8bf74d1d","actor_username":"admin@operadora.legal","actor_via_sso":false,"log_type":"token"}', '2025-06-23 14:57:27.021348+00', ''),
	('00000000-0000-0000-0000-000000000000', '12ae9530-63ab-40ea-a9f8-9ff02fe4cc43', '{"action":"token_revoked","actor_id":"03f5928c-41cb-4c07-8080-bd9e8bf74d1d","actor_username":"admin@operadora.legal","actor_via_sso":false,"log_type":"token"}', '2025-06-23 14:57:27.02243+00', ''),
	('00000000-0000-0000-0000-000000000000', '11a0bae0-1ece-4c03-9965-2df46c3a6c5c', '{"action":"logout","actor_id":"03f5928c-41cb-4c07-8080-bd9e8bf74d1d","actor_username":"admin@operadora.legal","actor_via_sso":false,"log_type":"account"}', '2025-06-23 14:58:48.350522+00', ''),
	('00000000-0000-0000-0000-000000000000', '42457829-5dbe-41dc-861e-2f393bca0460', '{"action":"login","actor_id":"0ce5d7a0-6d92-4502-93cb-946caf74ea53","actor_username":"mota.macedo05@gmail.com","actor_via_sso":false,"log_type":"account","traits":{"provider":"email"}}', '2025-06-23 14:58:50.493261+00', ''),
	('00000000-0000-0000-0000-000000000000', '696e8772-4310-4594-b608-c0dae25247b2', '{"action":"token_refreshed","actor_id":"0ce5d7a0-6d92-4502-93cb-946caf74ea53","actor_username":"mota.macedo05@gmail.com","actor_via_sso":false,"log_type":"token"}', '2025-06-23 15:39:00.088375+00', ''),
	('00000000-0000-0000-0000-000000000000', 'b8f3bb61-f941-4f85-9c8e-4017f0384572', '{"action":"token_revoked","actor_id":"0ce5d7a0-6d92-4502-93cb-946caf74ea53","actor_username":"mota.macedo05@gmail.com","actor_via_sso":false,"log_type":"token"}', '2025-06-23 15:39:00.098081+00', ''),
	('00000000-0000-0000-0000-000000000000', 'edec8dbd-c3c4-4f98-8798-c1e2116463ba', '{"action":"token_refreshed","actor_id":"0ce5d7a0-6d92-4502-93cb-946caf74ea53","actor_username":"mota.macedo05@gmail.com","actor_via_sso":false,"log_type":"token"}', '2025-06-23 15:59:04.506309+00', ''),
	('00000000-0000-0000-0000-000000000000', '46deccc9-9127-4a0a-b156-cdfe25ea4d13', '{"action":"token_revoked","actor_id":"0ce5d7a0-6d92-4502-93cb-946caf74ea53","actor_username":"mota.macedo05@gmail.com","actor_via_sso":false,"log_type":"token"}', '2025-06-23 15:59:04.507472+00', ''),
	('00000000-0000-0000-0000-000000000000', '0dd1213d-3e5c-4c04-aa7f-abbe0b5ad84a', '{"action":"token_refreshed","actor_id":"0ce5d7a0-6d92-4502-93cb-946caf74ea53","actor_username":"mota.macedo05@gmail.com","actor_via_sso":false,"log_type":"token"}', '2025-06-23 19:14:38.582044+00', ''),
	('00000000-0000-0000-0000-000000000000', '00abff16-3f67-4931-8c47-4147687fd4c4', '{"action":"token_revoked","actor_id":"0ce5d7a0-6d92-4502-93cb-946caf74ea53","actor_username":"mota.macedo05@gmail.com","actor_via_sso":false,"log_type":"token"}', '2025-06-23 19:14:38.582994+00', ''),
	('00000000-0000-0000-0000-000000000000', 'dd37574b-2872-4d7f-ade5-9cb6b9e3e26f', '{"action":"login","actor_id":"03f5928c-41cb-4c07-8080-bd9e8bf74d1d","actor_username":"admin@operadora.legal","actor_via_sso":false,"log_type":"account","traits":{"provider":"email"}}', '2025-06-23 19:23:28.441604+00', ''),
	('00000000-0000-0000-0000-000000000000', '219f0ec5-a0ed-467b-949d-b36734c9d38c', '{"action":"token_refreshed","actor_id":"0ce5d7a0-6d92-4502-93cb-946caf74ea53","actor_username":"mota.macedo05@gmail.com","actor_via_sso":false,"log_type":"token"}', '2025-06-23 19:24:06.256758+00', ''),
	('00000000-0000-0000-0000-000000000000', '21be84d0-006d-4b3a-801c-b875b6377186', '{"action":"token_revoked","actor_id":"0ce5d7a0-6d92-4502-93cb-946caf74ea53","actor_username":"mota.macedo05@gmail.com","actor_via_sso":false,"log_type":"token"}', '2025-06-23 19:24:06.257357+00', ''),
	('00000000-0000-0000-0000-000000000000', 'b699f2db-3f22-4168-bc47-ef5820e7645b', '{"action":"login","actor_id":"03f5928c-41cb-4c07-8080-bd9e8bf74d1d","actor_username":"admin@operadora.legal","actor_via_sso":false,"log_type":"account","traits":{"provider":"email"}}', '2025-06-23 19:25:52.412359+00', ''),
	('00000000-0000-0000-0000-000000000000', '3298eb35-ec2d-4961-a52d-167281072248', '{"action":"token_refreshed","actor_id":"0ce5d7a0-6d92-4502-93cb-946caf74ea53","actor_username":"mota.macedo05@gmail.com","actor_via_sso":false,"log_type":"token"}', '2025-06-23 20:14:41.674178+00', ''),
	('00000000-0000-0000-0000-000000000000', '6ff0784b-3359-4987-bb08-a9df06a84169', '{"action":"token_revoked","actor_id":"0ce5d7a0-6d92-4502-93cb-946caf74ea53","actor_username":"mota.macedo05@gmail.com","actor_via_sso":false,"log_type":"token"}', '2025-06-23 20:14:41.675188+00', ''),
	('00000000-0000-0000-0000-000000000000', 'd3f64d84-8ce0-4b49-9987-7be5e52d3fd3', '{"action":"logout","actor_id":"03f5928c-41cb-4c07-8080-bd9e8bf74d1d","actor_username":"admin@operadora.legal","actor_via_sso":false,"log_type":"account"}', '2025-06-23 20:22:50.43775+00', ''),
	('00000000-0000-0000-0000-000000000000', '20c25566-e72b-452a-9dfb-419b2f7359a2', '{"action":"login","actor_id":"0ce5d7a0-6d92-4502-93cb-946caf74ea53","actor_username":"mota.macedo05@gmail.com","actor_via_sso":false,"log_type":"account","traits":{"provider":"email"}}', '2025-06-23 20:22:54.286737+00', ''),
	('00000000-0000-0000-0000-000000000000', 'ffe96630-44a9-4377-90bb-1a7de4ca0126', '{"action":"logout","actor_id":"0ce5d7a0-6d92-4502-93cb-946caf74ea53","actor_username":"mota.macedo05@gmail.com","actor_via_sso":false,"log_type":"account"}', '2025-06-23 20:27:01.779413+00', ''),
	('00000000-0000-0000-0000-000000000000', '1fc5181b-dd29-4865-abb4-8145246d4249', '{"action":"login","actor_id":"03f5928c-41cb-4c07-8080-bd9e8bf74d1d","actor_username":"admin@operadora.legal","actor_via_sso":false,"log_type":"account","traits":{"provider":"email"}}', '2025-06-23 20:27:07.606203+00', ''),
	('00000000-0000-0000-0000-000000000000', '0406e534-7057-44d7-984a-d368d230dadc', '{"action":"logout","actor_id":"03f5928c-41cb-4c07-8080-bd9e8bf74d1d","actor_username":"admin@operadora.legal","actor_via_sso":false,"log_type":"account"}', '2025-06-23 20:27:33.075954+00', ''),
	('00000000-0000-0000-0000-000000000000', '98ea7b78-410c-49a3-ac3d-5d32ab0ff727', '{"action":"user_signedup","actor_id":"00000000-0000-0000-0000-000000000000","actor_username":"service_role","actor_via_sso":false,"log_type":"team","traits":{"user_email":"test@operadora.legal","user_id":"6922d454-147b-4c11-b177-e467874ca447","user_phone":""}}', '2025-06-23 20:27:54.540913+00', ''),
	('00000000-0000-0000-0000-000000000000', 'f1e75d66-d5e8-449b-8a49-2fa59092b4e7', '{"action":"login","actor_id":"6922d454-147b-4c11-b177-e467874ca447","actor_username":"test@operadora.legal","actor_via_sso":false,"log_type":"account","traits":{"provider":"email"}}', '2025-06-23 20:28:25.853388+00', ''),
	('00000000-0000-0000-0000-000000000000', 'a075f15c-042f-4056-bd14-8c9032019283', '{"action":"logout","actor_id":"6922d454-147b-4c11-b177-e467874ca447","actor_username":"test@operadora.legal","actor_via_sso":false,"log_type":"account"}', '2025-06-23 20:28:57.725354+00', ''),
	('00000000-0000-0000-0000-000000000000', '78747ff4-4755-4407-95a8-f3e5fdaaa050', '{"action":"login","actor_id":"0ce5d7a0-6d92-4502-93cb-946caf74ea53","actor_username":"mota.macedo05@gmail.com","actor_via_sso":false,"log_type":"account","traits":{"provider":"email"}}', '2025-06-23 20:29:46.00663+00', ''),
	('00000000-0000-0000-0000-000000000000', '41467980-39d3-44a4-bb34-c27eb943cbf8', '{"action":"logout","actor_id":"0ce5d7a0-6d92-4502-93cb-946caf74ea53","actor_username":"mota.macedo05@gmail.com","actor_via_sso":false,"log_type":"account"}', '2025-06-23 20:30:17.17849+00', ''),
	('00000000-0000-0000-0000-000000000000', '38c22b9a-a7b5-424f-b4bc-cf328c2f84ce', '{"action":"login","actor_id":"03f5928c-41cb-4c07-8080-bd9e8bf74d1d","actor_username":"admin@operadora.legal","actor_via_sso":false,"log_type":"account","traits":{"provider":"email"}}', '2025-06-23 20:30:28.560469+00', ''),
	('00000000-0000-0000-0000-000000000000', '659c0bab-6883-4c07-8e43-4d812667e798', '{"action":"logout","actor_id":"03f5928c-41cb-4c07-8080-bd9e8bf74d1d","actor_username":"admin@operadora.legal","actor_via_sso":false,"log_type":"account"}', '2025-06-23 20:30:43.756764+00', ''),
	('00000000-0000-0000-0000-000000000000', 'ba41d437-f85b-4632-898f-2b0c0f89ab0f', '{"action":"login","actor_id":"6922d454-147b-4c11-b177-e467874ca447","actor_username":"test@operadora.legal","actor_via_sso":false,"log_type":"account","traits":{"provider":"email"}}', '2025-06-23 20:30:49.90314+00', ''),
	('00000000-0000-0000-0000-000000000000', '77b69273-6968-40c2-868c-40ccc14cc870', '{"action":"logout","actor_id":"6922d454-147b-4c11-b177-e467874ca447","actor_username":"test@operadora.legal","actor_via_sso":false,"log_type":"account"}', '2025-06-23 20:32:40.603245+00', ''),
	('00000000-0000-0000-0000-000000000000', '7fd667c0-426d-41c6-9dde-6525fcecee1a', '{"action":"login","actor_id":"03f5928c-41cb-4c07-8080-bd9e8bf74d1d","actor_username":"admin@operadora.legal","actor_via_sso":false,"log_type":"account","traits":{"provider":"email"}}', '2025-06-23 20:32:47.547914+00', ''),
	('00000000-0000-0000-0000-000000000000', '4f663148-848b-42d2-a275-22f5da555b42', '{"action":"logout","actor_id":"03f5928c-41cb-4c07-8080-bd9e8bf74d1d","actor_username":"admin@operadora.legal","actor_via_sso":false,"log_type":"account"}', '2025-06-23 20:39:04.760237+00', ''),
	('00000000-0000-0000-0000-000000000000', '30407e28-7290-43b1-a0fc-7f397ca472b9', '{"action":"login","actor_id":"0ce5d7a0-6d92-4502-93cb-946caf74ea53","actor_username":"mota.macedo05@gmail.com","actor_via_sso":false,"log_type":"account","traits":{"provider":"email"}}', '2025-06-23 20:39:06.32777+00', ''),
	('00000000-0000-0000-0000-000000000000', 'efcb4538-7599-4191-be88-bfe189026c0b', '{"action":"token_refreshed","actor_id":"0ce5d7a0-6d92-4502-93cb-946caf74ea53","actor_username":"mota.macedo05@gmail.com","actor_via_sso":false,"log_type":"token"}', '2025-06-24 11:01:25.355266+00', ''),
	('00000000-0000-0000-0000-000000000000', '60e631ad-54a8-40b2-9bfc-2240fe821c50', '{"action":"token_revoked","actor_id":"0ce5d7a0-6d92-4502-93cb-946caf74ea53","actor_username":"mota.macedo05@gmail.com","actor_via_sso":false,"log_type":"token"}', '2025-06-24 11:01:25.356188+00', ''),
	('00000000-0000-0000-0000-000000000000', '753f8df4-e137-4201-b03a-44a7ccc0f2dd', '{"action":"login","actor_id":"0ce5d7a0-6d92-4502-93cb-946caf74ea53","actor_username":"mota.macedo05@gmail.com","actor_via_sso":false,"log_type":"account","traits":{"provider":"email"}}', '2025-06-24 12:08:31.544486+00', ''),
	('00000000-0000-0000-0000-000000000000', 'cdbd194b-70c7-4549-8547-595fb22b4231', '{"action":"logout","actor_id":"0ce5d7a0-6d92-4502-93cb-946caf74ea53","actor_username":"mota.macedo05@gmail.com","actor_via_sso":false,"log_type":"account"}', '2025-06-24 12:09:22.768017+00', ''),
	('00000000-0000-0000-0000-000000000000', 'd4173250-dec0-4d6e-8b96-8abbf7ffc308', '{"action":"login","actor_id":"0ce5d7a0-6d92-4502-93cb-946caf74ea53","actor_username":"mota.macedo05@gmail.com","actor_via_sso":false,"log_type":"account","traits":{"provider":"email"}}', '2025-06-24 12:09:41.248401+00', ''),
	('00000000-0000-0000-0000-000000000000', 'f31964dd-8200-4e25-8df1-fc462d143c97', '{"action":"token_refreshed","actor_id":"0ce5d7a0-6d92-4502-93cb-946caf74ea53","actor_username":"mota.macedo05@gmail.com","actor_via_sso":false,"log_type":"token"}', '2025-06-24 13:27:14.339542+00', ''),
	('00000000-0000-0000-0000-000000000000', 'ac7b3507-9ab7-42a7-933c-0cc82369a01f', '{"action":"token_revoked","actor_id":"0ce5d7a0-6d92-4502-93cb-946caf74ea53","actor_username":"mota.macedo05@gmail.com","actor_via_sso":false,"log_type":"token"}', '2025-06-24 13:27:14.341838+00', ''),
	('00000000-0000-0000-0000-000000000000', '3c730652-014b-4298-8dea-b7e258f8f5e5', '{"action":"logout","actor_id":"0ce5d7a0-6d92-4502-93cb-946caf74ea53","actor_username":"mota.macedo05@gmail.com","actor_via_sso":false,"log_type":"account"}', '2025-06-24 13:28:03.223304+00', ''),
	('00000000-0000-0000-0000-000000000000', '723a903a-502a-47dd-b149-909d116e2dd4', '{"action":"login","actor_id":"0ce5d7a0-6d92-4502-93cb-946caf74ea53","actor_username":"mota.macedo05@gmail.com","actor_via_sso":false,"log_type":"account","traits":{"provider":"email"}}', '2025-06-24 14:44:29.843821+00', ''),
	('00000000-0000-0000-0000-000000000000', '28145724-6c1f-462f-ae6d-129004796563', '{"action":"login","actor_id":"0ce5d7a0-6d92-4502-93cb-946caf74ea53","actor_username":"mota.macedo05@gmail.com","actor_via_sso":false,"log_type":"account","traits":{"provider":"email"}}', '2025-06-24 14:47:03.930241+00', ''),
	('00000000-0000-0000-0000-000000000000', '8b7fc7f4-6e4e-4747-b189-621775017b67', '{"action":"token_refreshed","actor_id":"0ce5d7a0-6d92-4502-93cb-946caf74ea53","actor_username":"mota.macedo05@gmail.com","actor_via_sso":false,"log_type":"token"}', '2025-06-24 16:08:26.057767+00', ''),
	('00000000-0000-0000-0000-000000000000', '4163e58e-8747-49fd-bfb9-2bf0651537c4', '{"action":"token_revoked","actor_id":"0ce5d7a0-6d92-4502-93cb-946caf74ea53","actor_username":"mota.macedo05@gmail.com","actor_via_sso":false,"log_type":"token"}', '2025-06-24 16:08:26.060317+00', ''),
	('00000000-0000-0000-0000-000000000000', '493770d6-62fd-4969-a1c8-1c741a7f6551', '{"action":"token_refreshed","actor_id":"0ce5d7a0-6d92-4502-93cb-946caf74ea53","actor_username":"mota.macedo05@gmail.com","actor_via_sso":false,"log_type":"token"}', '2025-06-24 16:08:38.718259+00', ''),
	('00000000-0000-0000-0000-000000000000', 'b1b37b29-95dd-4184-ac30-43bf88568ef7', '{"action":"token_refreshed","actor_id":"0ce5d7a0-6d92-4502-93cb-946caf74ea53","actor_username":"mota.macedo05@gmail.com","actor_via_sso":false,"log_type":"token"}', '2025-06-26 11:40:15.105363+00', ''),
	('00000000-0000-0000-0000-000000000000', '09ebfade-9e77-4c4d-9061-8a73d635dcf6', '{"action":"token_revoked","actor_id":"0ce5d7a0-6d92-4502-93cb-946caf74ea53","actor_username":"mota.macedo05@gmail.com","actor_via_sso":false,"log_type":"token"}', '2025-06-26 11:40:15.107163+00', ''),
	('00000000-0000-0000-0000-000000000000', 'd2719906-38a4-4a5a-80f7-79455f7d3b59', '{"action":"logout","actor_id":"0ce5d7a0-6d92-4502-93cb-946caf74ea53","actor_username":"mota.macedo05@gmail.com","actor_via_sso":false,"log_type":"account"}', '2025-06-26 11:44:26.566231+00', ''),
	('00000000-0000-0000-0000-000000000000', '9180fe5c-b1a8-4fa5-a437-e9ad8cc0e139', '{"action":"login","actor_id":"0ce5d7a0-6d92-4502-93cb-946caf74ea53","actor_username":"mota.macedo05@gmail.com","actor_via_sso":false,"log_type":"account","traits":{"provider":"email"}}', '2025-06-26 11:45:05.823084+00', ''),
	('00000000-0000-0000-0000-000000000000', '265ffbc9-b2bd-4020-83a1-15f65b5f48c9', '{"action":"logout","actor_id":"0ce5d7a0-6d92-4502-93cb-946caf74ea53","actor_username":"mota.macedo05@gmail.com","actor_via_sso":false,"log_type":"account"}', '2025-06-26 11:46:46.924565+00', ''),
	('00000000-0000-0000-0000-000000000000', '60cfd436-2945-41f5-9d66-b3c770a96900', '{"action":"login","actor_id":"03f5928c-41cb-4c07-8080-bd9e8bf74d1d","actor_username":"admin@operadora.legal","actor_via_sso":false,"log_type":"account","traits":{"provider":"email"}}', '2025-06-26 11:46:55.012585+00', ''),
	('00000000-0000-0000-0000-000000000000', '29fe7317-9c63-4e1f-a298-bf1e67d52ced', '{"action":"logout","actor_id":"03f5928c-41cb-4c07-8080-bd9e8bf74d1d","actor_username":"admin@operadora.legal","actor_via_sso":false,"log_type":"account"}', '2025-06-26 11:47:07.127101+00', ''),
	('00000000-0000-0000-0000-000000000000', 'ffd224ca-4935-419c-ab09-1f815534478b', '{"action":"login","actor_id":"03f5928c-41cb-4c07-8080-bd9e8bf74d1d","actor_username":"admin@operadora.legal","actor_via_sso":false,"log_type":"account","traits":{"provider":"email"}}', '2025-06-30 13:42:36.480669+00', '');


--
-- Data for Name: flow_state; Type: TABLE DATA; Schema: auth; Owner: supabase_auth_admin
--



--
-- Data for Name: users; Type: TABLE DATA; Schema: auth; Owner: supabase_auth_admin
--

INSERT INTO "auth"."users" ("instance_id", "id", "aud", "role", "email", "encrypted_password", "email_confirmed_at", "invited_at", "confirmation_token", "confirmation_sent_at", "recovery_token", "recovery_sent_at", "email_change_token_new", "email_change", "email_change_sent_at", "last_sign_in_at", "raw_app_meta_data", "raw_user_meta_data", "is_super_admin", "created_at", "updated_at", "phone", "phone_confirmed_at", "phone_change", "phone_change_token", "phone_change_sent_at", "email_change_token_current", "email_change_confirm_status", "banned_until", "reauthentication_token", "reauthentication_sent_at", "is_sso_user", "deleted_at", "is_anonymous") VALUES
	('00000000-0000-0000-0000-000000000000', '6922d454-147b-4c11-b177-e467874ca447', 'authenticated', 'authenticated', 'test@operadora.legal', '$2a$10$6ljbryICqMDBP5hjh9aLLu0O8roZQuA1sPO7Nxm05JVeGk9WMXgxe', '2025-06-23 20:27:54.542221+00', NULL, '', NULL, '', NULL, '', '', NULL, '2025-06-23 20:30:49.903862+00', '{"provider": "email", "providers": ["email"]}', '{"email_verified": true}', NULL, '2025-06-23 20:27:54.536806+00', '2025-06-23 20:30:49.905596+00', NULL, NULL, '', '', NULL, '', 0, NULL, '', NULL, false, NULL, false),
	('00000000-0000-0000-0000-000000000000', '0ce5d7a0-6d92-4502-93cb-946caf74ea53', 'authenticated', 'authenticated', 'mota.macedo05@gmail.com', '$2a$10$rae.g7p1LoMVXpTWnLVbBOMHyG1Xv7/20JCTSb2xIM5084Z7CHIi6', '2025-06-17 18:37:49.418499+00', NULL, '', '2025-06-17 18:36:16.387204+00', '', NULL, '', '', NULL, '2025-06-26 11:45:05.823901+00', '{"provider": "email", "providers": ["email"]}', '{"sub": "0ce5d7a0-6d92-4502-93cb-946caf74ea53", "name": "Gustavo Macedo", "email": "mota.macedo05@gmail.com", "phone": "11912341234", "lastName": "Macedo", "position": "Cargo", "firstName": "Gustavo", "companyName": "Operadora Legal X", "email_verified": true, "phone_verified": false}', NULL, '2025-06-17 18:36:16.380486+00', '2025-06-26 11:45:05.826163+00', NULL, NULL, '', '', NULL, '', 0, NULL, '', NULL, false, NULL, false),
	('00000000-0000-0000-0000-000000000000', '03f5928c-41cb-4c07-8080-bd9e8bf74d1d', 'authenticated', 'authenticated', 'admin@operadora.legal', '$2a$10$M6Nz1QG9iq89wrmGgZO4C.9clyIexRNRGtCY1AkpmU902.IWnfYDy', '2025-06-20 19:18:16.383144+00', NULL, '', NULL, '', NULL, '', '', NULL, '2025-06-30 13:42:36.489299+00', '{"provider": "email", "providers": ["email"]}', '{"email_verified": true}', NULL, '2025-06-20 19:18:16.378539+00', '2025-06-30 13:42:36.499342+00', NULL, NULL, '', '', NULL, '', 0, NULL, '', NULL, false, NULL, false);


--
-- Data for Name: identities; Type: TABLE DATA; Schema: auth; Owner: supabase_auth_admin
--

INSERT INTO "auth"."identities" ("provider_id", "user_id", "identity_data", "provider", "last_sign_in_at", "created_at", "updated_at", "id") VALUES
	('0ce5d7a0-6d92-4502-93cb-946caf74ea53', '0ce5d7a0-6d92-4502-93cb-946caf74ea53', '{"sub": "0ce5d7a0-6d92-4502-93cb-946caf74ea53", "name": "Gustavo Macedo", "email": "mota.macedo05@gmail.com", "phone": "11912341234", "lastName": "Macedo", "position": "Cargo", "firstName": "Gustavo", "companyName": "Operadora Legal X", "email_verified": true, "phone_verified": false}', 'email', '2025-06-17 18:36:16.383915+00', '2025-06-17 18:36:16.383968+00', '2025-06-17 18:36:16.383968+00', '0234c99b-ea63-48a6-8481-0e24b1126e23'),
	('03f5928c-41cb-4c07-8080-bd9e8bf74d1d', '03f5928c-41cb-4c07-8080-bd9e8bf74d1d', '{"sub": "03f5928c-41cb-4c07-8080-bd9e8bf74d1d", "email": "admin@operadora.legal", "email_verified": false, "phone_verified": false}', 'email', '2025-06-20 19:18:16.380827+00', '2025-06-20 19:18:16.38089+00', '2025-06-20 19:18:16.38089+00', '31657b12-7ce9-40ee-aad2-39461d46bc10'),
	('6922d454-147b-4c11-b177-e467874ca447', '6922d454-147b-4c11-b177-e467874ca447', '{"sub": "6922d454-147b-4c11-b177-e467874ca447", "email": "test@operadora.legal", "email_verified": false, "phone_verified": false}', 'email', '2025-06-23 20:27:54.539853+00', '2025-06-23 20:27:54.539907+00', '2025-06-23 20:27:54.539907+00', '2485df6a-ffe0-47f6-9861-380173cb90d8');


--
-- Data for Name: instances; Type: TABLE DATA; Schema: auth; Owner: supabase_auth_admin
--



--
-- Data for Name: sessions; Type: TABLE DATA; Schema: auth; Owner: supabase_auth_admin
--

INSERT INTO "auth"."sessions" ("id", "user_id", "created_at", "updated_at", "factor_id", "aal", "not_after", "refreshed_at", "user_agent", "ip", "tag") VALUES
	('83e6839f-29fe-424a-b440-b17196c20e40', '03f5928c-41cb-4c07-8080-bd9e8bf74d1d', '2025-06-30 13:42:36.489387+00', '2025-06-30 13:42:36.489387+00', NULL, 'aal1', NULL, NULL, 'Mozilla/5.0 (Windows NT 10.0; Win64; x64) AppleWebKit/537.36 (KHTML, like Gecko) Chrome/137.0.0.0 Safari/537.36', '177.24.4.139', NULL);


--
-- Data for Name: mfa_amr_claims; Type: TABLE DATA; Schema: auth; Owner: supabase_auth_admin
--

INSERT INTO "auth"."mfa_amr_claims" ("session_id", "created_at", "updated_at", "authentication_method", "id") VALUES
	('83e6839f-29fe-424a-b440-b17196c20e40', '2025-06-30 13:42:36.500126+00', '2025-06-30 13:42:36.500126+00', 'password', '380869b5-ad90-4eff-a6a4-01a49ef0c516');


--
-- Data for Name: mfa_factors; Type: TABLE DATA; Schema: auth; Owner: supabase_auth_admin
--



--
-- Data for Name: mfa_challenges; Type: TABLE DATA; Schema: auth; Owner: supabase_auth_admin
--



--
-- Data for Name: one_time_tokens; Type: TABLE DATA; Schema: auth; Owner: supabase_auth_admin
--



--
-- Data for Name: refresh_tokens; Type: TABLE DATA; Schema: auth; Owner: supabase_auth_admin
--

INSERT INTO "auth"."refresh_tokens" ("instance_id", "id", "token", "user_id", "revoked", "created_at", "updated_at", "parent", "session_id") VALUES
	('00000000-0000-0000-0000-000000000000', 162, 'mlcevj4tlbag', '03f5928c-41cb-4c07-8080-bd9e8bf74d1d', false, '2025-06-30 13:42:36.493729+00', '2025-06-30 13:42:36.493729+00', NULL, '83e6839f-29fe-424a-b440-b17196c20e40');


--
-- Data for Name: sso_providers; Type: TABLE DATA; Schema: auth; Owner: supabase_auth_admin
--



--
-- Data for Name: saml_providers; Type: TABLE DATA; Schema: auth; Owner: supabase_auth_admin
--



--
-- Data for Name: saml_relay_states; Type: TABLE DATA; Schema: auth; Owner: supabase_auth_admin
--



--
-- Data for Name: sso_domains; Type: TABLE DATA; Schema: auth; Owner: supabase_auth_admin
--



--
-- Data for Name: event_organizers; Type: TABLE DATA; Schema: public; Owner: postgres
--

INSERT INTO "public"."event_organizers" ("id", "full_name", "main_email", "phone_whatsapp", "company", "created_at", "updated_at", "tenant_id") VALUES
	('bf9af8e9-fab3-480b-9f55-cf6e7bfde2bf', 'Gustavo Macedo', 'mota.macedo05@gmail.com', '73998061168', 'Operadora Macedo X', '2025-06-23 20:25:18.034007+00', '2025-06-23 20:25:18.034007+00', '0ce5d7a0-6d92-4502-93cb-946caf74ea53');


--
-- Data for Name: events; Type: TABLE DATA; Schema: public; Owner: postgres
--

INSERT INTO "public"."events" ("id", "tenant_id", "name", "start_date", "end_date", "start_time", "end_time", "official_website", "full_address", "city", "state", "country", "venue_name", "total_area", "estimated_capacity", "has_accessibility", "logo_url", "banner_url", "primary_color", "secondary_color", "font_style", "location", "status", "exhibitors_count", "short_description", "is_public_registration", "has_online_broadcast", "broadcast_platform", "notes", "accepted_privacy_policy", "accepted_lgpd", "accepted_eventrix_terms", "created_at", "updated_at", "organizer_id", "category", "deleted_at") VALUES
	('1912b164-0c5a-40fb-af99-721a04a987da', '0ce5d7a0-6d92-4502-93cb-946caf74ea53', 'Macedo''s Conf', '2025-06-26', '2025-06-30', '13:00:00', '18:00:00', NULL, 'Rua de l de casa, 155', 'So Paulo', 'So Paulo', 'Brasil', 'Centro de Convenes Convincentes', 1000, 500, true, 'https://lipyxehuejkhsuyzasqb.supabase.co/storage/v1/object/public/event-logos/logos/0.5725018782984881.png', 'https://lipyxehuejkhsuyzasqb.supabase.co/storage/v1/object/public/event-banners/banners/0.14180868355742582.png', '#8B5CF6', '#7C3AED', 'sans-serif', NULL, 'upcoming', 0, 'Teste de criao de evento + stafs', true, true, 'Twitch, Zoom, Youtube', 'Levar CNH para corrida clandestina.', false, true, true, '2025-06-23 20:25:18.563147+00', '2025-06-26 11:46:05.733241+00', 'bf9af8e9-fab3-480b-9f55-cf6e7bfde2bf', 'congresso', NULL);


--
-- Data for Name: event_team; Type: TABLE DATA; Schema: public; Owner: postgres
--

INSERT INTO "public"."event_team" ("id", "event_id", "name", "email", "role", "created_at", "updated_at", "department", "phone", "permissions", "status", "tenant_id") VALUES
	('9dc55af3-4cda-4e80-b8a9-450879376203', '1912b164-0c5a-40fb-af99-721a04a987da', 'V', 'v@operadora.macedo', 'Edge Runner', '2025-06-23 20:25:19.127896+00', '2025-06-23 20:25:19.127896+00', NULL, NULL, '{}', 'Ativo', '0ce5d7a0-6d92-4502-93cb-946caf74ea53');


--
-- Data for Name: profiles; Type: TABLE DATA; Schema: public; Owner: postgres
--

INSERT INTO "public"."profiles" ("uuid", "auth_user_id", "first_name", "last_name", "email", "phone", "position", "created_at", "updated_at", "user_role") VALUES
	('4e82545b-8c8b-41b0-84b4-aba7bd53c8ce', '03f5928c-41cb-4c07-8080-bd9e8bf74d1d', 'Administrador', 'OperadoraLegal', 'admin@operadora.legal', NULL, NULL, '2025-06-20 19:18:59+00', '2025-06-20 19:19:00+00', 'admin'),
	('77efbbbe-596b-4425-8114-e5da3d49ad1c', '0ce5d7a0-6d92-4502-93cb-946caf74ea53', 'Gustavo', 'Macedo', 'mota.macedo05@gmail.com', '11912341234', 'Cargo', '2025-06-17 18:36:17.405791+00', '2025-06-17 18:36:17.405791+00', 'organizer');


--
-- Data for Name: buckets; Type: TABLE DATA; Schema: storage; Owner: supabase_storage_admin
--

INSERT INTO "storage"."buckets" ("id", "name", "owner", "created_at", "updated_at", "public", "avif_autodetection", "file_size_limit", "allowed_mime_types", "owner_id") VALUES
	('event-logos', 'event-logos', NULL, '2025-06-16 20:20:38.522076+00', '2025-06-16 20:20:38.522076+00', true, false, NULL, NULL, NULL),
	('event-banners', 'event-banners', NULL, '2025-06-16 20:20:38.522076+00', '2025-06-16 20:20:38.522076+00', true, false, NULL, NULL, NULL);


--
-- Data for Name: objects; Type: TABLE DATA; Schema: storage; Owner: supabase_storage_admin
--

INSERT INTO "storage"."objects" ("id", "bucket_id", "name", "owner", "created_at", "updated_at", "last_accessed_at", "metadata", "version", "owner_id", "user_metadata") VALUES
	('f069ff60-4eab-435f-a699-f01daf77c218', 'event-logos', 'logos/0.4068934633839647.png', NULL, '2025-06-16 20:25:25.568976+00', '2025-06-16 20:25:25.568976+00', '2025-06-16 20:25:25.568976+00', '{"eTag": "\"8068a568e92c159a306c60eabb2f718f\"", "size": 12322, "mimetype": "image/png", "cacheControl": "max-age=3600", "lastModified": "2025-06-16T20:25:26.000Z", "contentLength": 12322, "httpStatusCode": 200}', 'c8923052-7f2d-4315-94b1-b4ad7a48219f', NULL, '{}'),
	('42a5deba-b1f5-4fc1-82c0-f08cd6a5117f', 'event-logos', 'logos/0.4652664659907756.png', NULL, '2025-06-16 20:27:46.717478+00', '2025-06-16 20:27:46.717478+00', '2025-06-16 20:27:46.717478+00', '{"eTag": "\"8068a568e92c159a306c60eabb2f718f\"", "size": 12322, "mimetype": "image/png", "cacheControl": "max-age=3600", "lastModified": "2025-06-16T20:27:47.000Z", "contentLength": 12322, "httpStatusCode": 200}', '53a5b540-d4e2-4b13-83e6-bd50fe20501e', NULL, '{}'),
	('7d4165b7-5448-466f-b352-833f4e0e926c', 'event-logos', 'logos/0.03854418868945553.png', NULL, '2025-06-16 20:29:32.56253+00', '2025-06-16 20:29:32.56253+00', '2025-06-16 20:29:32.56253+00', '{"eTag": "\"8068a568e92c159a306c60eabb2f718f\"", "size": 12322, "mimetype": "image/png", "cacheControl": "max-age=3600", "lastModified": "2025-06-16T20:29:33.000Z", "contentLength": 12322, "httpStatusCode": 200}', '1a7b55ae-22d7-46af-b862-ccc29913816b', NULL, '{}'),
	('7590d40f-3816-4d85-84e3-4c9e478d9cbe', 'event-logos', 'logos/0.19831573891624943.png', 'b339bf4e-9f8c-49b0-bc68-4a18dcde5aca', '2025-06-16 20:41:49.459358+00', '2025-06-16 20:41:49.459358+00', '2025-06-16 20:41:49.459358+00', '{"eTag": "\"5e621ead4ca89b0f42f9c6635b5cf516\"", "size": 3465, "mimetype": "image/png", "cacheControl": "max-age=3600", "lastModified": "2025-06-16T20:41:50.000Z", "contentLength": 3465, "httpStatusCode": 200}', '80fabab1-56ca-43b1-b84c-495cb300fec3', 'b339bf4e-9f8c-49b0-bc68-4a18dcde5aca', '{}'),
	('7ddf98ee-30f8-4eaf-b3b9-139c956cf377', 'event-logos', 'logos/0.3570693990913457.png', 'b339bf4e-9f8c-49b0-bc68-4a18dcde5aca', '2025-06-17 17:55:09.883672+00', '2025-06-17 17:55:09.883672+00', '2025-06-17 17:55:09.883672+00', '{"eTag": "\"8068a568e92c159a306c60eabb2f718f\"", "size": 12322, "mimetype": "image/png", "cacheControl": "max-age=3600", "lastModified": "2025-06-17T17:55:10.000Z", "contentLength": 12322, "httpStatusCode": 200}', '8d9900b5-33f8-40a9-8de7-6934669aff6c', 'b339bf4e-9f8c-49b0-bc68-4a18dcde5aca', '{}'),
	('0bc8c646-36ff-4356-80d4-51b083e792bb', 'event-logos', 'logos/0.3779808724986423.png', '0ce5d7a0-6d92-4502-93cb-946caf74ea53', '2025-06-17 20:05:48.874248+00', '2025-06-17 20:05:48.874248+00', '2025-06-17 20:05:48.874248+00', '{"eTag": "\"857548d7e5d198440d1678a25ce114ed\"", "size": 118902, "mimetype": "image/png", "cacheControl": "max-age=3600", "lastModified": "2025-06-17T20:05:49.000Z", "contentLength": 118902, "httpStatusCode": 200}', '4efb6b19-e797-4886-bafa-ffbd11d6794b', '0ce5d7a0-6d92-4502-93cb-946caf74ea53', '{}'),
	('82d46ccc-66c1-48ee-8109-b2f5c9a40908', 'event-logos', 'logos/0.07646690289737901.png', '0ce5d7a0-6d92-4502-93cb-946caf74ea53', '2025-06-17 20:21:36.545171+00', '2025-06-17 20:21:36.545171+00', '2025-06-17 20:21:36.545171+00', '{"eTag": "\"1e388010c10eba8d7c593e3f96f0a740\"", "size": 471, "mimetype": "image/png", "cacheControl": "max-age=3600", "lastModified": "2025-06-17T20:21:37.000Z", "contentLength": 471, "httpStatusCode": 200}', 'da7d2bf1-1202-4a72-8c00-a5ec1a75ab49', '0ce5d7a0-6d92-4502-93cb-946caf74ea53', '{}'),
	('1d65555e-c4e9-49f3-a79e-033d4543c72e', 'event-logos', 'logos/0.7918501109627991.png', '0ce5d7a0-6d92-4502-93cb-946caf74ea53', '2025-06-17 20:29:55.202933+00', '2025-06-17 20:29:55.202933+00', '2025-06-17 20:29:55.202933+00', '{"eTag": "\"857548d7e5d198440d1678a25ce114ed\"", "size": 118902, "mimetype": "image/png", "cacheControl": "max-age=3600", "lastModified": "2025-06-17T20:29:56.000Z", "contentLength": 118902, "httpStatusCode": 200}', '6031c003-c4da-483c-9445-32b4cfffab8f', '0ce5d7a0-6d92-4502-93cb-946caf74ea53', '{}'),
	('3c7f004f-b16a-4625-8842-ac9f5c127f3f', 'event-logos', 'logos/0.18146630230496663.png', '0ce5d7a0-6d92-4502-93cb-946caf74ea53', '2025-06-20 18:16:07.530275+00', '2025-06-20 18:16:07.530275+00', '2025-06-20 18:16:07.530275+00', '{"eTag": "\"857548d7e5d198440d1678a25ce114ed\"", "size": 118902, "mimetype": "image/png", "cacheControl": "max-age=3600", "lastModified": "2025-06-20T18:16:08.000Z", "contentLength": 118902, "httpStatusCode": 200}', 'f85d7eba-4825-4624-97c0-97344370bf12', '0ce5d7a0-6d92-4502-93cb-946caf74ea53', '{}'),
	('a04b3d69-7e2c-4cbf-b9ca-77e3561f38bf', 'event-logos', 'logos/0.2377067244950819.png', '0ce5d7a0-6d92-4502-93cb-946caf74ea53', '2025-06-20 18:16:27.51351+00', '2025-06-20 18:16:27.51351+00', '2025-06-20 18:16:27.51351+00', '{"eTag": "\"857548d7e5d198440d1678a25ce114ed\"", "size": 118902, "mimetype": "image/png", "cacheControl": "max-age=3600", "lastModified": "2025-06-20T18:16:28.000Z", "contentLength": 118902, "httpStatusCode": 200}', 'bc35d976-79ee-44f7-a900-70fb7b6016b9', '0ce5d7a0-6d92-4502-93cb-946caf74ea53', '{}'),
	('3753afff-5b0d-4770-b8d3-ad1f77eb3dce', 'event-logos', 'logos/0.9742329026513576.png', '0ce5d7a0-6d92-4502-93cb-946caf74ea53', '2025-06-20 18:16:37.736128+00', '2025-06-20 18:16:37.736128+00', '2025-06-20 18:16:37.736128+00', '{"eTag": "\"857548d7e5d198440d1678a25ce114ed\"", "size": 118902, "mimetype": "image/png", "cacheControl": "max-age=3600", "lastModified": "2025-06-20T18:16:38.000Z", "contentLength": 118902, "httpStatusCode": 200}', '840573c4-7450-4220-b0ba-76fe3b61bb1d', '0ce5d7a0-6d92-4502-93cb-946caf74ea53', '{}'),
	('302464ae-b84b-4c93-97be-5bfbdd785aad', 'event-logos', 'logos/0.4394482028488178.png', '0ce5d7a0-6d92-4502-93cb-946caf74ea53', '2025-06-20 18:16:58.292939+00', '2025-06-20 18:16:58.292939+00', '2025-06-20 18:16:58.292939+00', '{"eTag": "\"857548d7e5d198440d1678a25ce114ed\"", "size": 118902, "mimetype": "image/png", "cacheControl": "max-age=3600", "lastModified": "2025-06-20T18:16:59.000Z", "contentLength": 118902, "httpStatusCode": 200}', '352ac963-e73d-4eba-887f-626dd978e71c', '0ce5d7a0-6d92-4502-93cb-946caf74ea53', '{}'),
	('6346232c-d2cb-4422-b262-bd2e7bb367fc', 'event-logos', 'logos/0.31706852459327783.png', '0ce5d7a0-6d92-4502-93cb-946caf74ea53', '2025-06-20 18:28:30.879666+00', '2025-06-20 18:28:30.879666+00', '2025-06-20 18:28:30.879666+00', '{"eTag": "\"857548d7e5d198440d1678a25ce114ed\"", "size": 118902, "mimetype": "image/png", "cacheControl": "max-age=3600", "lastModified": "2025-06-20T18:28:31.000Z", "contentLength": 118902, "httpStatusCode": 200}', '5bc718a7-8604-455b-a13c-80e76f1cd93a', '0ce5d7a0-6d92-4502-93cb-946caf74ea53', '{}'),
	('062e2b48-9576-49ae-a2e9-dee6729ebe9b', 'event-logos', 'logos/0.5340779628833634.png', '0ce5d7a0-6d92-4502-93cb-946caf74ea53', '2025-06-20 18:30:46.52759+00', '2025-06-20 18:30:46.52759+00', '2025-06-20 18:30:46.52759+00', '{"eTag": "\"857548d7e5d198440d1678a25ce114ed\"", "size": 118902, "mimetype": "image/png", "cacheControl": "max-age=3600", "lastModified": "2025-06-20T18:30:47.000Z", "contentLength": 118902, "httpStatusCode": 200}', '29405b3c-8c23-446e-97ea-17f0cba88b64', '0ce5d7a0-6d92-4502-93cb-946caf74ea53', '{}'),
	('af4992b4-94f0-4c45-b480-925ddfbf15ab', 'event-logos', 'logos/0.651199519240182.png', '0ce5d7a0-6d92-4502-93cb-946caf74ea53', '2025-06-20 18:31:06.875581+00', '2025-06-20 18:31:06.875581+00', '2025-06-20 18:31:06.875581+00', '{"eTag": "\"857548d7e5d198440d1678a25ce114ed\"", "size": 118902, "mimetype": "image/png", "cacheControl": "max-age=3600", "lastModified": "2025-06-20T18:31:07.000Z", "contentLength": 118902, "httpStatusCode": 200}', '399cfde6-e997-4b2e-aa0a-881c3c8a4c79', '0ce5d7a0-6d92-4502-93cb-946caf74ea53', '{}'),
	('3ec1b490-3f08-44bc-b153-799040a23431', 'event-logos', 'logos/0.010040780817297534.png', '0ce5d7a0-6d92-4502-93cb-946caf74ea53', '2025-06-20 18:37:12.347133+00', '2025-06-20 18:37:12.347133+00', '2025-06-20 18:37:12.347133+00', '{"eTag": "\"857548d7e5d198440d1678a25ce114ed\"", "size": 118902, "mimetype": "image/png", "cacheControl": "max-age=3600", "lastModified": "2025-06-20T18:37:13.000Z", "contentLength": 118902, "httpStatusCode": 200}', 'c837e9b1-b294-459c-b646-7fe5d82058e3', '0ce5d7a0-6d92-4502-93cb-946caf74ea53', '{}'),
	('28f90e96-19cc-48b0-8d95-545c2932f83a', 'event-logos', 'logos/0.7102603995971931.png', '0ce5d7a0-6d92-4502-93cb-946caf74ea53', '2025-06-20 18:37:19.915144+00', '2025-06-20 18:37:19.915144+00', '2025-06-20 18:37:19.915144+00', '{"eTag": "\"857548d7e5d198440d1678a25ce114ed\"", "size": 118902, "mimetype": "image/png", "cacheControl": "max-age=3600", "lastModified": "2025-06-20T18:37:20.000Z", "contentLength": 118902, "httpStatusCode": 200}', '2dae7a67-c93c-4c00-b941-66f2b89d916f', '0ce5d7a0-6d92-4502-93cb-946caf74ea53', '{}'),
	('c68c754d-d061-4a70-93c6-8f549f2913a1', 'event-logos', 'logos/0.2605944774123362.png', '03f5928c-41cb-4c07-8080-bd9e8bf74d1d', '2025-06-23 13:25:02.330038+00', '2025-06-23 13:25:02.330038+00', '2025-06-23 13:25:02.330038+00', '{"eTag": "\"8068a568e92c159a306c60eabb2f718f\"", "size": 12322, "mimetype": "image/png", "cacheControl": "max-age=3600", "lastModified": "2025-06-23T13:25:03.000Z", "contentLength": 12322, "httpStatusCode": 200}', 'bf1ed6cb-cbfa-4105-b5ff-57944f8d91ba', '03f5928c-41cb-4c07-8080-bd9e8bf74d1d', '{}'),
	('1ac9cb4a-bc4f-4f66-b6cd-8037b0168753', 'event-banners', 'banners/0.9474564571231364.png', '03f5928c-41cb-4c07-8080-bd9e8bf74d1d', '2025-06-23 13:25:03.401551+00', '2025-06-23 13:25:03.401551+00', '2025-06-23 13:25:03.401551+00', '{"eTag": "\"3cbb1fe9d849cb2e2fd2f4c1ca6b7836\"", "size": 146209, "mimetype": "image/png", "cacheControl": "max-age=3600", "lastModified": "2025-06-23T13:25:04.000Z", "contentLength": 146209, "httpStatusCode": 200}', '39bf3a47-01a5-4cc8-b98c-a7952fd0feae', '03f5928c-41cb-4c07-8080-bd9e8bf74d1d', '{}'),
	('b109bd72-1c2d-4d5f-8c98-361e4a3a5aac', 'event-logos', 'logos/0.5725018782984881.png', '0ce5d7a0-6d92-4502-93cb-946caf74ea53', '2025-06-23 20:25:15.689955+00', '2025-06-23 20:25:15.689955+00', '2025-06-23 20:25:15.689955+00', '{"eTag": "\"53ef7d5b8d274cd9d435dc53b60f0f4e\"", "size": 4459, "mimetype": "image/png", "cacheControl": "max-age=3600", "lastModified": "2025-06-23T20:25:16.000Z", "contentLength": 4459, "httpStatusCode": 200}', '10f9acc9-2745-42fc-bdba-e13806d02205', '0ce5d7a0-6d92-4502-93cb-946caf74ea53', '{}'),
	('1a4d1b88-3c46-4b85-96bc-636a7e15a36c', 'event-banners', 'banners/0.14180868355742582.png', '0ce5d7a0-6d92-4502-93cb-946caf74ea53', '2025-06-23 20:25:17.400571+00', '2025-06-23 20:25:17.400571+00', '2025-06-23 20:25:17.400571+00', '{"eTag": "\"c13878c4bafcfa94530f737cc1743b8b\"", "size": 1210345, "mimetype": "image/png", "cacheControl": "max-age=3600", "lastModified": "2025-06-23T20:25:18.000Z", "contentLength": 1210345, "httpStatusCode": 200}', '109951ca-38ba-481d-989e-97c7190b4a68', '0ce5d7a0-6d92-4502-93cb-946caf74ea53', '{}');


--
-- Data for Name: s3_multipart_uploads; Type: TABLE DATA; Schema: storage; Owner: supabase_storage_admin
--



--
-- Data for Name: s3_multipart_uploads_parts; Type: TABLE DATA; Schema: storage; Owner: supabase_storage_admin
--



--
-- Name: refresh_tokens_id_seq; Type: SEQUENCE SET; Schema: auth; Owner: supabase_auth_admin
--

SELECT pg_catalog.setval('"auth"."refresh_tokens_id_seq"', 162, true);


--
-- PostgreSQL database dump complete
--

RESET ALL;
